Date,Ibirapuera,Pinheiros
January 18, 2016,749,1046
January 19, 2016,1003,1121
January 20, 2016,1075,1262
January 21, 2016,661,1016
January 22, 2016,959,991
January 23, 2016,1461,1694
January 24, 2016,1615,1790
January 25, 2016,1156,1307
January 26, 2016,840,851
January 27, 2016,1036,1301
January 28, 2016,1009,1209
January 29, 2016,743,916
January 30, 2016,1640,2057
January 31, 2016,1162,1381
February 1, 2016,1130,1340
February 2, 2016,1251,1461
February 3, 2016,1140,1337
February 4, 2016,886,1010
February 5, 2016,589,744
February 6, 2016,1131,1348
February 7, 2016,690,775
February 8, 2016,1562,1763
February 9, 2016,774,911
February 10, 2016,912,1050
February 11, 2016,1147,1451
February 12, 2016,977,1134
February 13, 2016,1957,2199
February 14, 2016,789,846
February 15, 2016,1064,1353
February 16, 2016,1046,1148
February 17, 2016,1153,1393
February 18, 2016,1098,1288
February 19, 2016,929,1102
February 20, 2016,1850,1999
February 21, 2016,1148,1235
February 22, 2016,1232,1435
February 23, 2016,1035,1146
February 24, 2016,1157,1429
February 25, 2016,1125,1384
February 26, 2016,863,1011
February 27, 2016,1587,1660
February 28, 2016,892,1019
February 29, 2016,563,667
March 1, 2016,803,940
March 2, 2016,716,832
March 3, 2016,1082,1243
March 4, 2016,967,1055
March 5, 2016,1911,2172
March 6, 2016,1161,1250
March 7, 2016,1322,1571
March 8, 2016,1170,1319
March 9, 2016,481,591
March 11, 2016,1007,1094
March 12, 2016,1802,1867
March 13, 2016,1195,1331
March 14, 2016,1370,1481
March 15, 2016,1195,1347
March 16, 2016,1315,1546
March 17, 2016,1233,1457
March 18, 2016,1098,1150
March 19, 2016,2161,2314
March 20, 2016,1410,1522
March 21, 2016,1368,1528
March 22, 2016,1059,1157
March 23, 2016,1210,1380
March 24, 2016,1069,1229
March 25, 2016,896,1017
March 26, 2016,1529,1646
March 27, 2016,1364,1527
March 28, 2016,1482,1552
March 29, 2016,1282,1409
March 30, 2016,1304,1490
March 31, 2016,1288,1502
April 1, 2016,1160,1253
April 2, 2016,2170,2440
April 3, 2016,1416,1525
April 4, 2016,1660,1745
April 5, 2016,1365,1537
April 6, 2016,1499,1680
April 7, 2016,1313,1477
April 8, 2016,1104,1224
April 9, 2016,2130,2257
April 10, 2016,1332,1541
April 11, 2016,1538,1734
April 12, 2016,1480,1695
April 13, 2016,1531,1791
April 14, 2016,1435,1546
April 15, 2016,1243,1328
April 16, 2016,2100,2177
April 17, 2016,1456,1576
April 18, 2016,1652,1799
April 19, 2016,1376,1564
April 20, 2016,1977,2179
April 21, 2016,1069,1136
April 22, 2016,1251,1390
April 23, 2016,2130,2305
April 24, 2016,604,1102
April 25, 2016,1323,1540
April 26, 2016,962,1060
April 27, 2016,1203,1368
April 28, 2016,1020,1151
April 29, 2016,1073,1187
April 30, 2016,2137,2299
May 1, 2016,1281,1504
May 2, 2016,1395,1625
May 3, 2016,1382,1562
May 4, 2016,1422,1632
May 5, 2016,1199,1437
May 6, 2016,889,1014
May 7, 2016,1129,1248
May 8, 2016,1398,1547
May 9, 2016,1357,1517
May 10, 2016,1362,1568
May 11, 2016,1185,1400
May 12, 2016,1051,1279
May 13, 2016,843,1033
May 14, 2016,2109,2222
May 15, 2016,816,903
May 16, 2016,1190,1295
May 17, 2016,638,699
May 18, 2016,656,688
May 19, 2016,974,1135
May 20, 2016,301,332
May 21, 2016,1826,1907
May 22, 2016,812,907
May 23, 2016,869,960
May 24, 2016,1072,1183
May 25, 2016,1583,1871
May 26, 2016,803,857
May 27, 2016,854,853
May 28, 2016,1685,1848
May 29, 2016,931,1026
May 30, 2016,1117,1299
May 31, 2016,1028,1145
June 1, 2016,975,1111
June 2, 2016,611,627
June 3, 2016,402,432
June 4, 2016,547,581
June 5, 2016,560,621
June 6, 2016,523,632
June 7, 2016,1135,1229
June 8, 2016,1047,1196
June 9, 2016,908,1083
June 10, 2016,735,807
June 11, 2016,1186,1297
June 12, 2016,940,1016
June 13, 2016,1019,1127
June 14, 2016,1086,1163
June 15, 2016,1235,1396
June 16, 2016,1130,1270
June 17, 2016,772,875
June 18, 2016,1758,1837
June 19, 2016,921,1006
June 20, 2016,796,878
June 21, 2016,939,1017
June 22, 2016,1114,1228
June 23, 2016,1068,1129
June 24, 2016,809,910
June 25, 2016,1729,1880
June 26, 2016,1141,1346
June 27, 2016,1366,1445
June 28, 2016,1263,1489
June 29, 2016,1197,1323
June 30, 2016,1048,1194
July 1, 2016,1005,1121
July 2, 2016,2135,2368
July 3, 2016,1273,1388
July 4, 2016,1369,1596
July 5, 2016,1292,1440
July 6, 2016,1212,1392
July 7, 2016,1038,1164
July 8, 2016,1137,1186
July 9, 2016,1976,2118
July 10, 2016,1209,1301
July 11, 2016,1342,1525
July 12, 2016,1226,1405
July 13, 2016,1359,1466
July 14, 2016,1083,1239
July 15, 2016,490,503
July 16, 2016,1829,1893
July 17, 2016,1011,1108
July 18, 2016,1030,1170
July 19, 2016,981,1067
July 20, 2016,1002,1158
July 21, 2016,830,961
July 22, 2016,993,1140
July 23, 2016,1961,2173
July 24, 2016,1191,1337
July 25, 2016,1353,1552
July 26, 2016,1305,1411
July 27, 2016,1146,1300
July 28, 2016,909,1081
July 29, 2016,952,1083
July 30, 2016,2185,2345
July 31, 2016,1337,1468
August 1, 2016,1052,1220
August 2, 2016,1153,1281
August 3, 2016,1202,1338
August 4, 2016,1150,1330
August 5, 2016,1088,1153
August 6, 2016,1855,2114
August 7, 2016,1052,1210
August 8, 2016,1276,1393
August 9, 2016,1080,1209
August 10, 2016,984,1105
August 11, 2016,923,1063
August 12, 2016,973,1084
August 13, 2016,1463,1550
August 14, 2016,1000,1017
August 15, 2016,1224,1395
August 16, 2016,1354,1446
August 17, 2016,971,1059
August 18, 2016,990,1197
August 19, 2016,322,345
August 20, 2016,145,153
August 21, 2016,568,655
August 22, 2016,1043,1162
August 23, 2016,1167,1258
August 24, 2016,1201,1364
August 25, 2016,1194,1318
August 26, 2016,1127,1227
August 27, 2016,2193,2420
August 28, 2016,1365,1554
August 29, 2016,1536,1652
August 30, 2016,472,560
August 31, 2016,1274,1434
September 1, 2016,1068,1213
September 2, 2016,927,1005
September 3, 2016,1596,1697
September 4, 2016,1239,1353
September 5, 2016,653,739
September 6, 2016,1257,1522
September 7, 2016,1249,1448
September 8, 2016,1092,1190
September 9, 2016,1039,1113
September 10, 2016,2130,2258
September 11, 2016,1305,1480
September 12, 2016,1550,1639
September 13, 2016,1321,1411
September 14, 2016,1349,1516
September 15, 2016,1105,1287
September 16, 2016,1029,1099
September 17, 2016,1851,2077
September 18, 2016,1218,1383
September 19, 2016,1010,1139
September 20, 2016,994,1147
September 21, 2016,1284,1381
September 22, 2016,1243,1383
September 23, 2016,787,894
September 24, 2016,743,763
September 25, 2016,1200,1235
September 26, 2016,1413,1538
September 27, 2016,1327,1493
September 28, 2016,1254,1445
September 29, 2016,1130,1277
September 30, 2016,815,869
October 1, 2016,1464,1657
October 2, 2016,587,619
October 3, 2016,997,1115
October 4, 2016,1247,1400
October 5, 2016,1061,1235
October 6, 2016,1092,1210
October 7, 2016,1166,1307
October 8, 2016,2030,2186
October 9, 2016,1197,1296
October 10, 2016,1156,1248
October 11, 2016,2163,2439
October 12, 2016,889,896
October 13, 2016,976,1078
October 14, 2016,1038,1133
October 15, 2016,2126,2298
October 16, 2016,1233,1388
October 17, 2016,1563,1788
October 18, 2016,1466,1593
October 19, 2016,944,1009
October 20, 2016,919,1044
October 21, 2016,744,739
October 22, 2016,2059,2298
October 23, 2016,1228,1410
October 24, 2016,814,843
October 25, 2016,1448,1498
October 26, 2016,1149,1276
October 27, 2016,1254,1358
October 28, 2016,1002,1153
October 29, 2016,1965,2164
October 30, 2016,1433,1585
October 31, 2016,1474,1672
November 1, 2016,2256,2570
November 2, 2016,641,709
November 3, 2016,889,977
November 4, 2016,845,906
November 5, 2016,1730,1969
November 6, 2016,1352,1507
November 7, 2016,1595,1748
November 8, 2016,1106,1107
November 9, 2016,1159,1349
November 10, 2016,1219,1392
November 11, 2016,542,587
November 12, 2016,87,95
November 13, 2016,432,510
November 14, 2016,959,1059
November 15, 2016,1103,1226
November 16, 2016,1102,1238
November 17, 2016,921,1062
November 18, 2016,783,820
November 19, 2016,2044,2329
November 20, 2016,1407,1573
November 21, 2016,1427,1583
November 22, 2016,1009,1130
November 23, 2016,1395,1553
November 24, 2016,1211,1400
November 25, 2016,1078,1126
November 26, 2016,2017,2174
November 27, 2016,1219,1367
November 28, 2016,1007,1143
November 29, 2016,967,1084
November 30, 2016,1208,1401
December 1, 2016,1229,1376
December 2, 2016,780,882
December 3, 2016,1611,1729
December 4, 2016,1382,1512
December 5, 2016,1575,1749
December 6, 2016,1324,1403
December 7, 2016,1357,1508
December 8, 2016,1201,1368
December 9, 2016,878,904
December 10, 2016,966,1157
December 11, 2016,933,1019
December 12, 2016,1437,1631
December 13, 2016,1245,1325
December 14, 2016,978,1126
December 15, 2016,1112,1277
December 16, 2016,922,1073
December 17, 2016,1655,1796
December 18, 2016,1021,1180
December 19, 2016,1201,1354
December 20, 2016,996,1061
December 21, 2016,1097,1273
December 22, 2016,892,994
December 23, 2016,776,821
December 24, 2016,771,872
December 25, 2016,1015,1080
December 26, 2016,912,1042
December 27, 2016,859,903
December 28, 2016,720,802
December 29, 2016,722,737
December 30, 2016,533,554
December 31, 2016,627,737
January 1, 2017,590,630
January 2, 2017,896,1013
January 3, 2017,1132,1261
January 4, 2017,1171,1294
January 5, 2017,907,1006
January 6, 2017,914,1007
January 7, 2017,2223,2297
January 8, 2017,1132,1261
January 9, 2017,1475,1608
January 10, 2017,1243,1383
January 11, 2017,1205,1237
January 12, 2017,1208,1325
January 13, 2017,1202,1282
January 14, 2017,2103,2314
January 15, 2017,1094,1193
January 16, 2017,831,886
January 17, 2017,622,632
January 18, 2017,694,728
January 19, 2017,368,451
January 20, 2017,395,373
January 21, 2017,732,772
January 22, 2017,1096,1214
January 23, 2017,1433,1503
January 24, 2017,2093,2233
January 25, 2017,1074,1182
January 26, 2017,1094,1147
January 27, 2017,1157,1241
January 28, 2017,2717,2794
January 29, 2017,1263,1349
January 30, 2017,1397,1440
January 31, 2017,929,938
February 1, 2017,1157,1329
February 2, 2017,1134,1217
February 3, 2017,879,917
February 4, 2017,2508,2643
February 5, 2017,1079,1127
February 6, 2017,1395,1583
February 7, 2017,1547,1705
February 8, 2017,1615,1825
February 9, 2017,1363,1532
February 10, 2017,1099,1199
February 11, 2017,2161,2356
February 12, 2017,1492,1620
February 13, 2017,1637,1838
February 14, 2017,1566,1735
February 15, 2017,1492,1675
February 16, 2017,1311,1446
February 17, 2017,633,893
February 18, 2017,1755,2369
February 19, 2017,1354,1560
February 20, 2017,1487,1640
February 21, 2017,1268,1311
February 22, 2017,1253,1544
February 23, 2017,1017,1042
February 24, 2017,540,711
February 25, 2017,1174,1412
February 26, 2017,683,941
February 27, 2017,1475,1895
February 28, 2017,1003,1153
March 1, 2017,1301,1406
March 2, 2017,962,1141
March 3, 2017,722,982
March 4, 2017,1576,1972
March 5, 2017,993,1095
March 6, 2017,1236,1301
March 7, 2017,1175,1378
March 8, 2017,702,1208
March 9, 2017,1256,1439
March 10, 2017,1156,1210
March 11, 2017,2360,2733
March 12, 2017,1146,1257
March 13, 2017,1282,1526
March 14, 2017,1740,1947
March 15, 2017,1515,1645
March 16, 2017,1109,1126
March 17, 2017,536,611
March 18, 2017,1094,1212
March 19, 2017,1263,1438
March 20, 2017,1427,1657
March 21, 2017,1522,1747
March 22, 2017,1377,1571
March 23, 2017,1279,1537
March 24, 2017,1003,1037
March 25, 2017,1975,2175
March 26, 2017,1188,1333
March 27, 2017,1469,1615
March 28, 2017,1464,1596
March 29, 2017,1394,1534
March 30, 2017,1300,1455
March 31, 2017,927,999
April 1, 2017,1760,1888
April 2, 2017,1438,1541
April 3, 2017,1559,1715
April 4, 2017,1444,1598
April 5, 2017,590,674
April 6, 2017,809,909
April 7, 2017,822,923
April 8, 2017,1818,1998
April 9, 2017,1310,1457
April 10, 2017,1445,1587
April 11, 2017,1006,1158
April 12, 2017,980,1090
April 13, 2017,1034,1132
April 14, 2017,1143,1205
April 15, 2017,1437,1553
April 16, 2017,933,1085
April 17, 2017,1258,1381
April 18, 2017,1250,1434
April 19, 2017,1213,1385
April 20, 2017,922,1075
April 21, 2017,694,740
April 22, 2017,1348,1511
April 23, 2017,1292,1412
April 24, 2017,1418,1560
April 25, 2017,839,849
April 26, 2017,954,1181
April 27, 2017,1335,1612
April 28, 2017,689,755
April 29, 2017,1483,1705
April 30, 2017,2036,2227
May 1, 2017,1230,1417
May 2, 2017,1264,1463
May 3, 2017,1367,1542
May 4, 2017,431,484
May 5, 2017,866,899
May 6, 2017,1660,1735
May 7, 2017,1261,1492
May 8, 2017,1432,1696
May 9, 2017,1299,1522
May 10, 2017,1163,1315
May 11, 2017,1218,1450
May 12, 2017,1070,1171
May 13, 2017,802,940
May 14, 2017,1276,1442
May 15, 2017,1414,1485
May 16, 2017,1215,1359
May 17, 2017,920,1019
May 18, 2017,306,362
May 19, 2017,747,820
May 20, 2017,278,303
May 21, 2017,788,884
May 22, 2017,1330,1555
May 23, 2017,1255,1363
May 24, 2017,1326,1597
May 25, 2017,1273,1426
May 26, 2017,831,939
May 27, 2017,1562,1683
May 28, 2017,1289,1505
May 29, 2017,1180,1277
May 30, 2017,1365,1514
May 31, 2017,1084,1176
June 1, 2017,1115,1337
June 2, 2017,941,1050
June 3, 2017,1983,2346
June 4, 2017,683,596
June 5, 2017,520,665
June 6, 2017,1066,1185
June 7, 2017,1345,1444
June 8, 2017,897,1007
June 9, 2017,885,979
June 10, 2017,1742,1860
June 11, 2017,1124,1241
June 12, 2017,382,404
June 13, 2017,1051,1154
June 14, 2017,1275,1268
June 15, 2017,789,875
June 16, 2017,975,1016
June 17, 2017,1964,1970
June 18, 2017,1171,1263
June 19, 2017,839,960
June 20, 2017,990,1111
June 21, 2017,1159,1319
June 22, 2017,1121,1246
June 23, 2017,944,1097
June 24, 2017,1974,2104
June 25, 2017,1257,1386
June 26, 2017,1312,1493
June 27, 2017,1263,1473
June 28, 2017,1278,1482
June 29, 2017,1260,1379
June 30, 2017,556,607
July 1, 2017,696,765
July 2, 2017,1001,1083
July 3, 2017,1095,1162
July 4, 2017,1050,1204
July 5, 2017,1040,1233
July 6, 2017,947,1062
July 7, 2017,886,979
July 8, 2017,1833,1929
July 9, 2017,1061,1210
July 10, 2017,1357,1480
July 11, 2017,1208,1351
July 12, 2017,1092,1263
July 13, 2017,1092,1245
July 14, 2017,971,1047
July 15, 2017,1822,2002
July 16, 2017,1216,1341
July 17, 2017,702,788
July 18, 2017,716,838
July 19, 2017,1001,1104
July 20, 2017,1023,1163
July 21, 2017,927,1025
July 22, 2017,1894,2119
July 23, 2017,1217,1341
July 24, 2017,1327,1511
July 25, 2017,1349,1492
July 26, 2017,1184,1354
July 27, 2017,1085,1254
July 28, 2017,1025,1149
July 29, 2017,2115,2278
July 30, 2017,1230,1375
July 31, 2017,1308,1554
August 1, 2017,1329,1484
August 2, 2017,1061,1248
August 3, 2017,886,1007
August 4, 2017,563,619
August 5, 2017,1799,1901
August 6, 2017,1337,1482
August 7, 2017,1517,1666
August 8, 2017,1480,1728
August 9, 2017,1260,1366
August 10, 2017,1276,1386
August 11, 2017,930,1076
August 12, 2017,1400,1473
August 13, 2017,1402,1519
August 14, 2017,828,907
August 15, 2017,777,913
August 16, 2017,588,695
August 17, 2017,741,855
August 18, 2017,196,208
August 19, 2017,512,496
August 20, 2017,661,750
August 21, 2017,1081,1202
August 22, 2017,1263,1420
August 23, 2017,1309,1505
August 24, 2017,1255,1431
August 25, 2017,1075,1146
August 26, 2017,2126,2287
August 27, 2017,1479,1624
August 28, 2017,1531,1775
August 29, 2017,1556,1776
August 30, 2017,1157,1219
August 31, 2017,1267,1363
September 1, 2017,1042,1128
September 2, 2017,2190,2472
September 3, 2017,1442,1610
September 4, 2017,1466,1674
September 5, 2017,1377,1608
September 6, 2017,1774,1925
September 7, 2017,891,991
September 8, 2017,902,975
September 9, 2017,1840,2041
September 10, 2017,1492,1610
September 11, 2017,1545,1721
September 12, 2017,1521,1674
September 13, 2017,1523,1662
September 14, 2017,1404,1578
September 15, 2017,1090,1203
September 16, 2017,2062,2325
September 17, 2017,1470,1548
September 18, 2017,1564,1689
September 19, 2017,1521,1723
September 20, 2017,1501,1629
September 21, 2017,1410,1568
September 22, 2017,1063,1162
September 23, 2017,1729,1964
September 24, 2017,1426,1566
September 25, 2017,1597,1713
September 26, 2017,1581,1705
September 27, 2017,1335,1369
September 28, 2017,1037,1116
September 29, 2017,364,452
September 30, 2017,1800,1877
October 1, 2017,1042,1240
October 2, 2017,1051,1228
October 3, 2017,1552,1739
October 4, 2017,1553,1721
October 5, 2017,1391,1543
October 6, 2017,214,223
October 7, 2017,1332,1471
October 8, 2017,1548,1676
October 9, 2017,1418,1516
October 10, 2017,1353,1508
October 11, 2017,1472,1584
October 12, 2017,835,921
October 13, 2017,796,838
October 14, 2017,888,992
October 15, 2017,1259,1379
October 16, 2017,1477,1637
October 17, 2017,1575,1704
October 18, 2017,1536,1784
October 19, 2017,1326,1388
October 20, 2017,838,958
October 21, 2017,566,633
October 22, 2017,925,1116
October 23, 2017,1272,1426
October 24, 2017,1410,1551
October 25, 2017,958,1095
October 26, 2017,902,1012
October 27, 2017,967,1081
October 28, 2017,1456,1522
October 29, 2017,1169,1227
October 30, 2017,1320,1425
October 31, 2017,1407,1546
November 1, 2017,1925,2092
November 2, 2017,1086,1161
November 3, 2017,926,953
November 4, 2017,782,802
November 5, 2017,981,1145
November 6, 2017,1461,1668
November 7, 2017,1386,1535
November 8, 2017,1182,1300
November 9, 2017,1356,1481
November 10, 2017,695,692
November 11, 2017,2312,2392
November 12, 2017,1518,1719
November 13, 2017,1614,1835
November 14, 2017,2092,2285
November 16, 2017,889,992
November 17, 2017,847,984
November 18, 2017,987,1048
November 19, 2017,888,1049
November 20, 2017,1096,1236
November 21, 2017,1096,1224
November 22, 2017,1397,1514
November 23, 2017,1402,1561
November 24, 2017,1178,1252
November 25, 2017,1620,1669
November 26, 2017,766,928
November 27, 2017,1530,1594
November 28, 2017,1641,1796
November 29, 2017,1416,1602
November 30, 2017,1289,1414
December 1, 2017,833,896
December 2, 2017,1800,1857
December 3, 2017,1488,1645
December 4, 2017,1686,1873
December 5, 2017,1580,1777
December 6, 2017,1326,1455
December 7, 2017,1150,1290
December 8, 2017,958,1046
December 9, 2017,1882,2157
December 10, 2017,1336,1530
December 11, 2017,1463,1579
December 12, 2017,1521,1670
December 13, 2017,1538,1758
December 14, 2017,1398,1591
December 15, 2017,849,908
December 16, 2017,1760,1912
December 17, 2017,1365,1434
December 18, 2017,1435,1600
December 19, 2017,1202,1297
December 20, 2017,542,654
December 21, 2017,764,932
December 22, 2017,820,926
December 23, 2017,1045,1150
December 24, 2017,443,501
December 25, 2017,679,796
December 26, 2017,859,991
December 27, 2017,498,565
December 28, 2017,336,348
December 29, 2017,381,419
December 30, 2017,415,485
December 31, 2017,645,742
January 1, 2018,747,828
January 2, 2018,611,658
January 3, 2018,1241,1373
January 4, 2018,1060,1218
January 5, 2018,943,985
January 6, 2018,486,463
January 7, 2018,357,379
January 8, 2018,942,1085
January 9, 2018,1279,1396
January 10, 2018,1257,1348
January 11, 2018,1177,1344
January 12, 2018,682,736
January 13, 2018,1946,2172
January 14, 2018,1381,1569
January 15, 2018,1402,1526
January 16, 2018,1457,1638
January 17, 2018,1507,1800
January 18, 2018,1235,1432
January 19, 2018,1022,1089
January 20, 2018,2033,2320
January 21, 2018,1338,1493
January 22, 2018,1436,1650
January 23, 2018,1391,1561
January 24, 2018,1623,1801
January 25, 2018,755,843
January 26, 2018,866,938
January 27, 2018,2185,2312
January 28, 2018,1210,1320
January 29, 2018,896,1012
January 30, 2018,1607,1804
January 31, 2018,1722,1896
February 1, 2018,1530,1734
February 2, 2018,559,701
February 3, 2018,1248,1593
February 4, 2018,1556,1732
February 5, 2018,1626,1814
February 6, 2018,1846,2015
February 7, 2018,1739,1970
February 8, 2018,1625,1821
February 9, 2018,416,521
February 10, 2018,934,1339
February 11, 2018,625,850
February 12, 2018,526,686
February 13, 2018,704,683
February 14, 2018,1187,1351
February 15, 2018,1366,1498
February 16, 2018,675,889
February 17, 2018,1311,1752
February 18, 2018,1703,1915
February 19, 2018,1717,1959
February 20, 2018,1877,2166
February 21, 2018,1724,1844
February 22, 2018,1690,1939
February 23, 2018,1284,1294
February 24, 2018,2255,2397
February 25, 2018,1394,1241
February 26, 2018,1673,1988
February 27, 2018,1984,2161
February 28, 2018,1847,2040
March 1, 2018,1580,1689
March 2, 2018,1010,1171
March 3, 2018,2130,2306
March 4, 2018,1784,2041
March 5, 2018,1789,1892
March 6, 2018,1710,1836
March 7, 2018,1487,1740
March 8, 2018,1775,1975
March 9, 2018,1057,1125
March 10, 2018,2384,2542
March 11, 2018,1765,1927
March 12, 2018,1828,2069
March 13, 2018,1836,1869
March 14, 2018,1935,2219
March 15, 2018,1796,2080
March 16, 2018,1089,1214
March 17, 2018,2255,2423
March 18, 2018,1987,2071
March 19, 2018,1650,1550
March 20, 2018,1651,1944
March 21, 2018,1863,2002
March 22, 2018,1801,2052
March 23, 2018,1180,1356
March 24, 2018,2175,2436
March 25, 2018,1762,1927
March 26, 2018,1653,1562
March 27, 2018,1497,1547
March 28, 2018,1511,1628
March 29, 2018,1160,1297
March 30, 2018,904,962
March 31, 2018,1400,1710
April 1, 2018,1809,2035
April 2, 2018,1919,2000
April 3, 2018,1977,2215
April 4, 2018,2042,2242
April 5, 2018,1900,2017
April 6, 2018,1110,1226
April 7, 2018,1878,2066
April 8, 2018,2009,2147
April 9, 2018,2288,2324
April 10, 2018,2225,2320
April 11, 2018,2185,2267
April 12, 2018,2018,2105
April 13, 2018,1140,1223
April 14, 2018,367,392
April 15, 2018,1744,1690
April 16, 2018,2214,2225
April 17, 2018,1120,1920
April 18, 2018,2215,2310
April 19, 2018,1993,2097
April 20, 2018,1389,1470
April 21, 2018,2086,2268
April 22, 2018,2058,2170
April 23, 2018,2153,2480
April 24, 2018,2223,2438
April 25, 2018,2155,2353
April 26, 2018,1937,2181
April 27, 2018,1157,1160
April 28, 2018,1912,2008
April 29, 2018,1417,1451
April 30, 2018,2429,2621
May 1, 2018,2107,2392
May 2, 2018,2224,2407
May 3, 2018,2113,2344
May 4, 2018,1179,1358
May 5, 2018,2327,2679
May 6, 2018,2099,2257
May 7, 2018,2242,2301
May 8, 2018,2211,2400
May 9, 2018,2137,2345
May 10, 2018,2128,2380
May 11, 2018,1013,1095
May 12, 2018,1277,1302
May 13, 2018,2029,2359
May 14, 2018,2443,2601
May 15, 2018,2329,2503
May 16, 2018,2403,2564
May 17, 2018,2242,2433
May 18, 2018,681,666
May 19, 2018,1481,1763
May 20, 2018,2067,2229
May 21, 2018,2296,2479
May 22, 2018,2231,2447
May 23, 2018,2367,2702
May 24, 2018,2553,2763
May 25, 2018,1579,1770
May 26, 2018,2795,3209
May 27, 2018,3301,3469
May 28, 2018,3643,3948
May 29, 2018,3067,3377
May 30, 2018,2805,3167
May 31, 2018,1863,2096
June 1, 2018,1387,1466
June 2, 2018,666,707
June 3, 2018,2049,2272
June 4, 2018,2170,2415
June 5, 2018,2294,2545
June 6, 2018,1755,1987
June 7, 2018,2107,2379
June 8, 2018,995,1082
June 9, 2018,1844,1989
June 10, 2018,2564,2791
June 11, 2018,2649,2749
June 12, 2018,2307,2263
June 13, 2018,1976,2029
June 14, 2018,1991,2089
June 15, 2018,645,721
June 16, 2018,761,893
June 17, 2018,2112,2469
June 18, 2018,2546,2784
June 19, 2018,2586,2844
June 20, 2018,2477,2743
June 21, 2018,2062,2317
June 22, 2018,1163,1266
June 23, 2018,2155,2265
June 24, 2018,2385,2716
June 25, 2018,2716,2957
June 26, 2018,2589,2904
June 27, 2018,2432,2649
June 28, 2018,2360,2637
June 29, 2018,997,1123
June 30, 2018,2005,2192
July 1, 2018,2262,2481
July 2, 2018,2541,2622
July 3, 2018,2489,2627
July 4, 2018,2448,2652
July 5, 2018,2168,2624
July 6, 2018,999,1095
July 7, 2018,2373,2602
July 8, 2018,1884,2056
July 9, 2018,1826,2080
July 10, 2018,1886,1945
July 11, 2018,1997,2153
July 12, 2018,1926,2102
July 13, 2018,1252,1387
July 14, 2018,1861,1971
July 15, 2018,2328,2657
July 16, 2018,2637,2907
July 17, 2018,2616,2816
July 18, 2018,2508,2773
July 19, 2018,2318,2605
July 20, 2018,1273,1356
July 21, 2018,1542,1628
July 22, 2018,2504,2729
July 23, 2018,2579,2575
July 24, 2018,2529,2602
July 25, 2018,2492,2711
July 26, 2018,2525,2717
July 27, 2018,1569,1668
July 28, 2018,2398,2659
July 29, 2018,2381,2492
July 30, 2018,1415,1809
July 31, 2018,1594,1595
August 1, 2018,2103,2426
August 2, 2018,1173,1066
August 3, 2018,1058,1113
August 4, 2018,1265,1272
August 5, 2018,1144,1380
August 6, 2018,2364,2731
August 7, 2018,2848,3009
August 8, 2018,2606,2841
August 9, 2018,2692,3011
August 10, 2018,1410,1530
August 11, 2018,1316,1363
August 12, 2018,2527,2882
August 13, 2018,3014,3392
August 14, 2018,2813,2972
August 15, 2018,2382,2591
August 16, 2018,2528,2754
August 17, 2018,1387,1563
August 18, 2018,2627,2719
August 19, 2018,3078,3573
August 20, 2018,3345,3692
August 21, 2018,3141,3305
August 22, 2018,3159,3509
August 23, 2018,3111,3373
August 24, 2018,1190,1259
August 25, 2018,892,966
August 26, 2018,2524,2872
August 27, 2018,3166,3516
August 28, 2018,3471,3582
August 29, 2018,3377,3728
August 30, 2018,3256,3624
August 31, 2018,1708,1678
September 1, 2018,2694,2746
September 2, 2018,2875,2961
September 3, 2018,2510,2492
September 4, 2018,2818,3100
September 5, 2018,3150,3381
September 6, 2018,2165,2406
September 7, 2018,1474,1515
September 8, 2018,2259,2277
September 9, 2018,2890,3317
September 10, 2018,3460,3620
September 11, 2018,3291,3548
September 12, 2018,3303,3530
September 13, 2018,1533,1538
September 14, 2018,1142,1152
September 15, 2018,2256,2393
September 16, 2018,1847,2454
September 17, 2018,3585,3916
September 18, 2018,3777,4197
September 19, 2018,2860,2738
September 20, 2018,3180,3396
September 21, 2018,1875,1987
September 22, 2018,2941,2962
September 23, 2018,3353,3742
September 24, 2018,3773,4112
September 25, 2018,3484,3707
September 26, 2018,3163,3293
September 27, 2018,3061,3140
September 28, 2018,1467,1778
September 29, 2018,1943,2228
September 30, 2018,2592,3088
October 1, 2018,3668,3999
October 2, 2018,3381,3277
October 3, 2018,3534,3590
October 4, 2018,3053,3241
October 5, 2018,979,1021
October 6, 2018,873,930
October 7, 2018,2128,2455
October 8, 2018,3311,3683
October 9, 2018,2686,3116
October 10, 2018,2398,2503
October 11, 2018,1998,2159
October 12, 2018,1371,1465
October 13, 2018,1550,1754
October 14, 2018,2103,2611
October 15, 2018,3187,3538
October 16, 2018,3188,3272
October 17, 2018,3099,3283
October 18, 2018,2809,2683
October 19, 2018,1590,1679
October 20, 2018,2105,2304
October 21, 2018,3207,3489
October 22, 2018,3662,3600
October 23, 2018,1723,2281
October 24, 2018,1872,2361
October 25, 2018,2942,3194
October 26, 2018,1180,1246
October 27, 2018,1338,1447
October 28, 2018,3158,3344
October 29, 2018,3708,3836
October 30, 2018,3197,2881
October 31, 2018,3293,3691
November 1, 2018,2304,2480
November 2, 2018,1710,1863
November 3, 2018,1623,1782
November 4, 2018,3044,3262
November 5, 2018,3488,3575
November 6, 2018,3178,3312
November 7, 2018,2898,3118
November 8, 2018,3226,3387
November 9, 2018,1366,1413
November 10, 2018,2576,2805
November 11, 2018,3311,3625
November 12, 2018,3581,3870
November 13, 2018,3444,3706
November 14, 2018,1738,1889
November 15, 2018,2117,2323
November 16, 2018,1915,2085
November 17, 2018,2097,2231
November 18, 2018,549,585
November 19, 2018,1696,1822
November 20, 2018,3276,3875
November 21, 2018,3753,4301
November 22, 2018,3623,4085
November 23, 2018,1408,1582
November 24, 2018,1647,1772
November 25, 2018,3526,4199
November 26, 2018,3968,4616
November 27, 2018,3986,4558
November 28, 2018,3715,3873
November 29, 2018,3399,3642
November 30, 2018,1352,1531
December 1, 2018,2579,2639
December 2, 2018,3009,3723
December 3, 2018,4142,4794
December 4, 2018,3926,4484
December 5, 2018,3912,4413
December 6, 2018,3579,3947
December 7, 2018,1463,1523
December 8, 2018,2976,3270
December 9, 2018,3825,4320
December 10, 2018,4272,4537
December 11, 2018,4082,4493
December 12, 2018,3636,4069
December 13, 2018,3885,4343
December 14, 2018,1780,1975
December 15, 2018,2324,2596
December 16, 2018,3527,4110
December 17, 2018,3494,4068
December 18, 2018,3565,3891
December 19, 2018,3688,4179
December 20, 2018,3230,3650
December 21, 2018,1577,1638
December 22, 2018,1793,1862
December 23, 2018,798,842
December 24, 2018,823,856
December 25, 2018,2257,2648
December 26, 2018,2371,2732
December 27, 2018,1943,2214
December 28, 2018,1424,1617
December 29, 2018,1992,2094
December 30, 2018,896,964
December 31, 2018,700,769
January 1, 2019,1856,2294
January 2, 2019,2137,2485
January 3, 2019,1944,1801
January 4, 2019,777,932
January 5, 2019,2794,2919
January 6, 2019,3097,3588
January 7, 2019,3160,3365
January 8, 2019,3389,3940
January 9, 2019,3364,3766
January 10, 2019,2960,3378
January 11, 2019,2119,2384
January 12, 2019,2892,3219
January 13, 2019,3256,3698
January 14, 2019,3855,4275
January 15, 2019,3478,3924
January 16, 2019,3246,3259
January 17, 2019,3377,3911
January 18, 2019,1966,2184
January 19, 2019,2820,3154
January 20, 2019,3352,3886
January 21, 2019,3378,3806
January 22, 2019,3594,4095
January 23, 2019,3301,3899
January 24, 2019,1659,1841
January 25, 2019,1704,1898
January 26, 2019,2994,3265
January 27, 2019,3368,3997
January 28, 2019,3814,4153
January 29, 2019,3643,3999
January 30, 2019,3757,4204
January 31, 2019,3461,4155
February 1, 2019,1870,2097
February 2, 2019,2895,3165
February 3, 2019,1845,2585
February 4, 2019,3623,4013
February 5, 2019,1162,1726
February 6, 2019,3646,4125
February 7, 2019,3624,4254
February 8, 2019,2049,2307
February 9, 2019,3123,3520
February 10, 2019,3664,4272
February 11, 2019,3330,3228
February 12, 2019,2465,3096
February 13, 2019,3739,4151
February 14, 2019,2858,2946
February 15, 2019,581,716
February 16, 2019,2076,2302
February 17, 2019,3596,4082
February 18, 2019,4103,4188
February 19, 2019,3715,3858
February 20, 2019,3240,2955
February 21, 2019,2820,1613
February 22, 2019,821,1078
February 23, 2019,1240,1646
February 24, 2019,3003,3431
February 25, 2019,1726,2538
February 26, 2019,3411,3780
February 27, 2019,1601,2092
February 28, 2019,2423,2760
March 1, 2019,578,735
March 2, 2019,900,1425
March 3, 2019,995,1065
March 4, 2019,1341,1425
March 5, 2019,1946,2033
March 6, 2019,3061,3061
March 7, 2019,3482,3873
March 8, 2019,1235,1261
March 9, 2019,1754,1983
March 10, 2019,2637,2973
March 11, 2019,3678,3602
March 12, 2019,3732,4133
March 13, 2019,3372,3357
March 14, 2019,3234,3610
March 15, 2019,1745,1840
March 16, 2019,1993,2056
March 17, 2019,3543,3816
March 18, 2019,3558,3653
March 19, 2019,3637,4101
March 20, 2019,1975,2378
March 21, 2019,3306,3861
March 22, 2019,1929,2142
March 23, 2019,2895,3092
March 24, 2019,3602,4153
March 25, 2019,3904,4458
March 26, 2019,3897,4182
March 27, 2019,3528,3926
March 28, 2019,3611,4147
March 29, 2019,1766,2015
March 30, 2019,2760,3052
March 31, 2019,3662,3992
April 1, 2019,4164,4365
April 2, 2019,3990,4339
April 3, 2019,4122,4468
April 4, 2019,3935,4239
April 5, 2019,1378,1372
April 6, 2019,1804,2035
April 7, 2019,1264,1034
April 8, 2019,1829,2020
April 9, 2019,3330,3638
April 10, 2019,3771,4182
April 11, 2019,3701,3989
April 12, 2019,1913,2202
April 13, 2019,694,778
April 14, 2019,3613,3972
April 15, 2019,3744,3937
April 16, 2019,3717,4136
April 17, 2019,3777,4200
April 18, 2019,2333,2507
April 19, 2019,1890,2092
April 20, 2019,1849,2080
April 21, 2019,3578,3681
April 22, 2019,3825,3848
April 23, 2019,4022,4246
April 24, 2019,3729,4113
April 25, 2019,3570,4088
April 26, 2019,1955,2228
April 27, 2019,2386,2563
April 28, 2019,3531,3880
April 29, 2019,3866,4258
April 30, 2019,3248,3475
May 1, 2019,3812,4080
May 2, 2019,3777,4151
May 3, 2019,2035,2196
May 4, 2019,2630,3048
May 5, 2019,3618,4072
May 6, 2019,3582,3610
May 7, 2019,3681,3950
May 8, 2019,3740,3918
May 9, 2019,3753,3971
May 10, 2019,1656,1813
May 11, 2019,1493,1662
May 12, 2019,3534,3883
May 13, 2019,3707,3609
May 14, 2019,3463,3722
May 15, 2019,2703,2828
May 16, 2019,1936,2594
May 17, 2019,673,814
May 18, 2019,1986,2225
May 19, 2019,3456,3596
May 20, 2019,3701,4024
May 21, 2019,3795,3945
May 22, 2019,3761,4007
May 23, 2019,2427,2725
May 24, 2019,1476,1659
May 25, 2019,2288,2501
May 26, 2019,3451,3713
May 27, 2019,3877,4026
May 28, 2019,3478,3697
May 29, 2019,3407,3268
May 30, 2019,3320,3550
May 31, 2019,1031,1153
June 1, 2019,414,432
June 2, 2019,1399,1996
June 3, 2019,3084,2964
June 4, 2019,2460,2639
June 5, 2019,3340,3427
June 6, 2019,3295,3580
June 7, 2019,1452,1476
June 8, 2019,2023,2203
June 9, 2019,3342,3407
June 10, 2019,3519,3660
June 11, 2019,3641,3781
June 12, 2019,3667,3730
June 13, 2019,3434,3518
June 14, 2019,1677,1760
June 15, 2019,2612,2611
June 16, 2019,3441,3717
June 17, 2019,3697,3764
June 18, 2019,3618,3739
June 19, 2019,2258,2271
June 20, 2019,2033,2161
June 21, 2019,1649,1660
June 22, 2019,2408,2552
June 23, 2019,3375,3660
June 24, 2019,3730,3966
June 25, 2019,3693,3963
June 26, 2019,3568,3725
June 27, 2019,3492,3751
June 28, 2019,1729,1794
June 29, 2019,2601,2733
June 30, 2019,3483,3582
July 1, 2019,3656,3848
July 2, 2019,3470,3816
July 3, 2019,631,630
July 4, 2019,1283,1638
July 5, 2019,1016,1058
July 6, 2019,886,977
July 7, 2019,1782,1860
July 8, 2019,1930,2164
July 9, 2019,2907,2971
July 10, 2019,3100,3311
July 11, 2019,2974,3119
July 12, 2019,1630,1616
July 13, 2019,2431,2491
July 14, 2019,3077,3241
July 15, 2019,2715,2733
July 16, 2019,2724,2775
July 17, 2019,3029,3074
July 18, 2019,2853,3065
July 19, 2019,1580,1655
July 20, 2019,2383,2432
July 21, 2019,3036,3192
July 22, 2019,3516,3514
July 23, 2019,3467,3538
July 24, 2019,3318,3411
July 25, 2019,3233,3378
July 26, 2019,1937,1905
July 27, 2019,2280,2261
July 28, 2019,3266,3551
July 29, 2019,3471,3381
July 30, 2019,3634,3743
July 31, 2019,3670,3904
August 1, 2019,3283,3249
August 2, 2019,737,816
August 3, 2019,817,872
August 4, 2019,2875,2929
August 5, 2019,3580,3689
August 6, 2019,3832,3855
August 7, 2019,3838,4044
August 8, 2019,3470,3910
August 9, 2019,1715,1815
August 10, 2019,1709,1798
August 11, 2019,3697,3851
August 12, 2019,3560,3362
August 13, 2019,2666,2746
August 14, 2019,3585,3856
August 15, 2019,3500,3808
August 16, 2019,1811,1890
August 17, 2019,2603,2658
August 18, 2019,2587,2451
August 19, 2019,2906,3141
August 20, 2019,3417,3476
August 21, 2019,3445,3662
August 22, 2019,3231,3468
August 23, 2019,1219,1279
August 24, 2019,1872,2017
August 25, 2019,3530,3664
August 26, 2019,3883,3912
August 27, 2019,3704,3898
August 28, 2019,3973,4102
August 29, 2019,3836,3978
August 30, 2019,1788,1708
August 31, 2019,861,961
September 1, 2019,2435,2664
September 2, 2019,2992,2578
September 3, 2019,3110,3107
September 4, 2019,2466,2640
September 5, 2019,3121,3043
September 6, 2019,1747,1916
September 7, 2019,2605,2761
September 8, 2019,3636,4024
September 9, 2019,4075,4273
September 10, 2019,4022,4060
September 11, 2019,4020,4081
September 12, 2019,3406,3655
September 13, 2019,1672,1775
September 14, 2019,2566,2661
September 15, 2019,3653,3891
September 16, 2019,4183,4346
September 17, 2019,3967,4246
September 18, 2019,3896,3899
September 19, 2019,3279,3611
September 20, 2019,1364,1411
September 21, 2019,1148,1228
September 22, 2019,2898,2996
September 23, 2019,3793,3792
September 24, 2019,3255,3069
September 25, 2019,3385,3482
September 26, 2019,3407,3537
September 27, 2019,1324,1335
September 28, 2019,2533,2514
September 29, 2019,3692,3697
September 30, 2019,3955,4101
October 1, 2019,3977,3994
October 2, 2019,3996,3986
October 3, 2019,3716,3813
October 4, 2019,1605,1670
October 5, 2019,2030,2127
October 6, 2019,3299,2948
October 7, 2019,3002,2515
October 8, 2019,3122,3346
October 9, 2019,3794,3917
October 10, 2019,3572,3850
October 11, 2019,1678,1848
October 12, 2019,2201,2378
October 13, 2019,3589,3551
October 14, 2019,3728,3736
October 15, 2019,3737,3672
October 16, 2019,3768,3696
October 17, 2019,3370,3320
October 18, 2019,1532,1589
October 19, 2019,1617,1728
October 20, 2019,3227,3175
October 21, 2019,3919,3867
October 22, 2019,3849,3707
October 23, 2019,3930,3745
October 24, 2019,3736,3697
October 25, 2019,1577,1617
October 26, 2019,2411,2574
October 27, 2019,3352,3519
October 28, 2019,3976,3954
October 29, 2019,3792,3862
October 30, 2019,3807,3543
October 31, 2019,3621,3573
November 1, 2019,1731,1774
November 2, 2019,2247,2262
November 3, 2019,3581,3537
November 4, 2019,3340,2171
November 5, 2019,2993,3128
November 6, 2019,3348,3229
November 7, 2019,3238,3118
November 8, 2019,1473,1587
November 9, 2019,1655,1722
November 10, 2019,3306,3283
November 11, 2019,3715,3739
November 12, 2019,3634,3466
November 13, 2019,2508,2592
November 14, 2019,604,713
November 15, 2019,1515,1653
November 16, 2019,2289,2424
November 17, 2019,3231,3224
November 18, 2019,3587,3387
November 19, 2019,2236,2270
November 20, 2019,3666,3556
November 21, 2019,3330,3489
November 22, 2019,1287,1403
November 23, 2019,1462,1656
November 24, 2019,3512,3506
November 25, 2019,3807,3678
November 26, 2019,3141,2337
November 27, 2019,1915,2223
November 28, 2019,3605,3622
November 29, 2019,1542,1635
November 30, 2019,1791,1933
December 1, 2019,2806,2854
December 2, 2019,3802,3548
December 3, 2019,3481,3412
December 4, 2019,3173,2842
December 5, 2019,3045,3098
December 6, 2019,1695,1670
December 7, 2019,2242,2344
December 8, 2019,3353,3059
December 9, 2019,3014,2500
December 10, 2019,2908,2093
December 11, 2019,3507,3687
December 12, 2019,3155,3200
December 13, 2019,1248,1335
December 14, 2019,2076,2176
December 15, 2019,3491,3579
December 16, 2019,3475,3339
December 17, 2019,2311,2474
December 18, 2019,3264,3254
December 19, 2019,3074,3126
December 20, 2019,1379,1473
December 21, 2019,1638,1784
December 22, 2019,1586,1201
December 23, 2019,1210,1248
December 24, 2019,784,852
December 25, 2019,2176,2185
December 26, 2019,2039,1901
December 27, 2019,1259,1316
December 28, 2019,1667,1759
December 29, 2019,1274,1252
December 30, 2019,735,844
December 31, 2019,568,606
January 1, 2020,1192,985
January 2, 2020,1496,1498
January 3, 2020,893,917
January 4, 2020,1528,1658
January 5, 2020,2940,2835
January 6, 2020,3078,3062
January 7, 2020,2726,2212
January 8, 2020,2947,2633
January 9, 2020,3005,3004
January 10, 2020,1498,1552
January 11, 2020,1557,1578
January 12, 2020,2800,2591
January 13, 2020,3259,3231
January 14, 2020,3307,3359
January 15, 2020,2767,2668
January 16, 2020,2332,2293
January 17, 2020,1454,1531
January 18, 2020,1886,1979
January 19, 2020,3098,3064
January 20, 2020,3434,3452
January 21, 2020,3262,2935
January 22, 2020,2326,2308
January 23, 2020,1808,2073
January 24, 2020,1643,1783
January 25, 2020,2353,2489
January 26, 2020,3113,3183
January 27, 2020,3326,2921
January 28, 2020,3520,3401
January 29, 2020,2881,1656
January 30, 2020,2967,2990
January 31, 2020,1021,1089
February 1, 2020,1392,1458
February 2, 2020,1691,1342
February 3, 2020,2749,2770
February 4, 2020,2983,2824
February 5, 2020,3187,3031
February 6, 2020,3182,3152
February 7, 2020,1500,1566
February 8, 2020,2026,2184
February 9, 2020,888,1170
February 10, 2020,2012,2388
February 11, 2020,2748,2681
February 12, 2020,3235,3347
February 13, 2020,3403,3455
February 14, 2020,1306,1528
February 15, 2020,1550,1702
February 16, 2020,3373,3333
February 17, 2020,3452,3222
February 18, 2020,3211,2713
February 19, 2020,3267,3084
February 20, 2020,2445,2436
February 21, 2020,647,804
February 22, 2020,1071,1152
February 23, 2020,829,840
February 24, 2020,1099,1167
February 25, 2020,1025,1061
February 26, 2020,1885,2072
February 27, 2020,2526,2414
February 28, 2020,855,951
February 29, 2020,1100,1139
March 1, 2020,2688,1947
March 2, 2020,2724,2894
March 3, 2020,3376,3299
March 4, 2020,3422,3467
March 5, 2020,3476,3391
March 6, 2020,1582,1760
March 7, 2020,1803,1749
March 8, 2020,3368,3482
March 9, 2020,3771,3728
March 10, 2020,3637,3516
March 11, 2020,3573,3357
March 12, 2020,3190,3188
March 13, 2020,1644,1718
March 14, 2020,2153,2235
March 15, 2020,2506,2316
March 16, 2020,1812,1829
March 17, 2020,1751,1777
March 18, 2020,1312,1338
March 19, 2020,1159,1097
March 20, 2020,995,1106
March 21, 2020,1452,1544
March 22, 2020,886,922
March 23, 2020,930,1015
March 24, 2020,1019,1114
March 25, 2020,1142,1211
March 26, 2020,1229,1300
March 27, 2020,1588,1679
March 28, 2020,1329,1458
March 29, 2020,963,1036
March 30, 2020,1189,1365
March 31, 2020,1366,1431
April 1, 2020,1299,1419
April 2, 2020,1043,1168
April 3, 2020,2011,2159
April 4, 2020,2068,2263
April 5, 2020,1123,1241
April 6, 2020,864,961
April 7, 2020,966,1065
April 8, 2020,1308,1408
April 9, 2020,1595,1854
April 10, 2020,1524,1698
April 11, 2020,1463,1620
April 12, 2020,1121,1192
April 13, 2020,1109,1189
April 14, 2020,1274,1338
April 15, 2020,1254,1401
April 16, 2020,1086,1250
April 17, 2020,1717,1833
April 18, 2020,2046,2251
April 19, 2020,1200,1234
April 20, 2020,2250,2421
April 21, 2020,1190,1250
April 22, 2020,1453,1585
April 23, 2020,1199,1295
April 24, 2020,2088,2212
April 25, 2020,2385,2687
April 26, 2020,1294,1373
April 27, 2020,1407,1607
April 28, 2020,1328,1532
April 29, 2020,1200,1441
April 30, 2020,1965,2217
May 1, 2020,1463,1667
May 2, 2020,1882,2172
May 3, 2020,991,1113
May 4, 2020,1228,1330
May 5, 2020,848,954
May 6, 2020,584,619
May 7, 2020,934,975
May 8, 2020,1776,1957
May 9, 2020,1442,1657
May 10, 2020,1196,1256
May 11, 2020,1396,1507
May 12, 2020,1220,1282
May 13, 2020,816,873
May 14, 2020,928,1016
May 15, 2020,2056,2343
May 16, 2020,2242,2541
May 17, 2020,1089,1128
May 18, 2020,1273,1334
May 19, 2020,1501,1663
May 20, 2020,1576,1670
May 21, 2020,1229,1342
May 22, 2020,1095,1199
May 23, 2020,1363,1542
May 24, 2020,1245,1411
May 25, 2020,1098,1106
May 26, 2020,1177,1235
May 27, 2020,1145,1254
May 28, 2020,1177,1156
May 29, 2020,2042,2155
May 30, 2020,2468,2635
May 31, 2020,1118,1145
June 1, 2020,582,605
June 2, 2020,1002,1136
June 3, 2020,909,995
June 4, 2020,880,994
June 5, 2020,1788,1997
June 6, 2020,2472,2937
June 7, 2020,1207,1277
June 8, 2020,1318,1432
June 9, 2020,1269,1424
June 10, 2020,1891,2084
June 11, 2020,1354,1531
June 12, 2020,2527,2804
June 13, 2020,1082,1254
June 14, 2020,1089,1164
June 15, 2020,1414,1563
June 16, 2020,1487,1624
June 17, 2020,1544,1741
June 18, 2020,1517,1590
June 19, 2020,2603,2904
June 20, 2020,3099,3215
June 21, 2020,1360,1494
June 22, 2020,1641,1808
June 23, 2020,1541,1748
June 24, 2020,1570,1710
June 25, 2020,870,1015
June 26, 2020,378,427
June 27, 2020,1673,1834
June 28, 2020,1259,1435
June 29, 2020,1535,1642
June 30, 2020,1084,1117
July 1, 2020,1560,1592
July 2, 2020,1298,1399
July 3, 2020,2344,2592
July 4, 2020,2792,3145
July 5, 2020,1388,1511
July 6, 2020,1749,1827
July 7, 2020,1791,1869
July 8, 2020,1627,1789
July 9, 2020,1463,1596
July 10, 2020,2440,2771
July 11, 2020,3170,3521
July 12, 2020,1516,1583
July 13, 2020,1239,1375
July 14, 2020,1168,1287
July 15, 2020,1409,1566
July 16, 2020,1383,1480
July 17, 2020,2500,2635
July 18, 2020,3495,3838
July 19, 2020,1482,1596
July 20, 2020,1749,1902
July 21, 2020,1707,1784
July 22, 2020,1738,1869
July 23, 2020,1565,1702
July 24, 2020,2676,2933
July 25, 2020,2788,3174
July 26, 2020,1433,1565
July 27, 2020,1858,2022
July 28, 2020,1130,1207
July 29, 2020,987,1036
July 30, 2020,1219,1325
July 31, 2020,2303,2569
August 1, 2020,3508,3834
August 2, 2020,1435,1439
August 3, 2020,1630,1815
August 4, 2020,1606,1694
August 5, 2020,1639,1662
August 6, 2020,1556,1630
August 7, 2020,2532,2730
August 8, 2020,2623,2944
August 9, 2020,1505,1659
August 10, 2020,1883,1977
August 11, 2020,1622,1757
August 12, 2020,1482,1553
August 13, 2020,1550,1652
August 14, 2020,1487,1630
August 15, 2020,768,930
August 16, 2020,720,744
August 17, 2020,851,928
August 18, 2020,1230,1311
August 19, 2020,784,763
August 20, 2020,265,329
August 21, 2020,563,631
August 22, 2020,2087,2498
August 23, 2020,1156,1209
August 24, 2020,1347,1378
August 25, 2020,1459,1465
August 26, 2020,1501,1604
August 27, 2020,1459,1512
August 28, 2020,2370,2590
August 29, 2020,3333,3754
August 30, 2020,1116,1202
August 31, 2020,1353,1493
September 1, 2020,1469,1566
September 2, 2020,1512,1573
September 3, 2020,1274,1492
September 4, 2020,2079,2233
September 5, 2020,3040,3318
September 6, 2020,2897,3149
September 7, 2020,1328,1451
September 8, 2020,1413,1577
September 9, 2020,1514,1571
September 10, 2020,1313,1394
September 11, 2020,2237,2332
September 12, 2020,3252,3452
September 13, 2020,1334,1333
September 14, 2020,1372,1422
September 15, 2020,1553,1689
September 16, 2020,1445,1550
September 17, 2020,1364,1456
September 18, 2020,2333,2610
September 19, 2020,1760,2030
September 20, 2020,764,767
September 21, 2020,682,693
September 22, 2020,1249,1305
September 23, 2020,1522,1518
September 24, 2020,1452,1521
September 25, 2020,2202,2521
September 26, 2020,3194,3509
September 27, 2020,1147,1198
September 28, 2020,1444,1493
September 29, 2020,1501,1492
September 30, 2020,1415,1458
October 1, 2020,862,713
October 2, 2020,112,115
October 3, 2020,31,145
October 4, 2020,41,103
October 5, 2020,33,92
October 6, 2020,35,81
October 7, 2020,24,60
October 8, 2020,17,30
October 9, 2020,50,130
October 10, 2020,73,175
October 11, 2020,73,170
October 12, 2020,215,369
October 13, 2020,1410,1547
October 14, 2020,847,904
October 15, 2020,957,1014
October 16, 2020,1398,1661
October 17, 2020,2972,3348
October 18, 2020,940,901
October 19, 2020,1095,1162
October 20, 2020,1349,1516
October 21, 2020,1450,1525
October 22, 2020,1443,1572
October 23, 2020,1656,1739
October 24, 2020,1807,2163
October 25, 2020,1346,1451
October 26, 2020,1599,1738
October 27, 2020,1659,1707
October 28, 2020,1165,1172
October 29, 2020,370,390
October 30, 2020,567,641
October 31, 2020,1090,1177
November 1, 2020,2194,2524
November 2, 2020,1242,1386
November 3, 2020,1380,1428
November 4, 2020,1005,1178
November 5, 2020,1323,1477
November 6, 2020,1848,2062
November 7, 2020,3129,3554
November 8, 2020,1154,1195
November 9, 2020,1338,1452
November 10, 2020,1115,1081
November 11, 2020,1219,1408
November 12, 2020,1102,1166
November 13, 2020,1942,2221
November 14, 2020,2384,2605
November 15, 2020,1229,1376
November 16, 2020,919,999
November 17, 2020,849,791
November 18, 2020,541,655
November 19, 2020,1339,1397
November 20, 2020,1926,2119
November 21, 2020,2924,3219
November 22, 2020,1278,1391
November 23, 2020,1516,1686
November 24, 2020,1523,1600
November 25, 2020,1436,1525
November 26, 2020,1361,1548
November 27, 2020,1874,2074
November 28, 2020,2435,2774
November 29, 2020,1019,1072
November 30, 2020,1329,1367
December 1, 2020,1479,1638
December 2, 2020,1542,1786
December 3, 2020,1367,1544
December 4, 2020,1501,1607
December 5, 2020,1989,2306
December 6, 2020,1000,1092
December 7, 2020,1180,1223
December 8, 2020,1471,1611
December 9, 2020,1534,1643
December 10, 2020,1237,1304
December 11, 2020,1681,1848
December 12, 2020,2398,2692
December 13, 2020,1279,1458
December 14, 2020,1255,1328
December 15, 2020,1397,1505
December 16, 2020,1173,1257
December 17, 2020,1137,1239
December 18, 2020,1687,1827
December 19, 2020,2325,2642
December 20, 2020,907,990
December 21, 2020,902,1068
December 22, 2020,1154,1210
December 23, 2020,973,1040
December 24, 2020,956,1073
December 25, 2020,2058,2307
December 26, 2020,1385,1539
December 27, 2020,895,963
December 28, 2020,935,1024
December 29, 2020,1016,1057
December 30, 2020,794,917
December 31, 2020,658,727
January 1, 2021,1729,1979
January 2, 2021,2771,3077
January 3, 2021,1075,1209
January 4, 2021,1352,1566
January 5, 2021,1127,1314
January 6, 2021,1280,1417
January 7, 2021,1191,1275
January 8, 2021,1635,1832
January 9, 2021,2352,2580
January 10, 2021,1204,1287
January 11, 2021,1260,1419
January 12, 2021,1323,1424
January 13, 2021,1289,1392
January 14, 2021,938,967
January 15, 2021,1937,2222
January 16, 2021,3026,3459
January 17, 2021,1102,1187
January 18, 2021,1325,1403
January 19, 2021,1397,1585
January 20, 2021,1376,1488
January 21, 2021,1266,1386
January 22, 2021,1662,1891
January 23, 2021,2659,2980
January 24, 2021,2189,2556
January 25, 2021,1399,1565
January 26, 2021,1792,2061
January 27, 2021,1521,1721
January 28, 2021,1568,1758
January 29, 2021,2270,2685
January 30, 2021,3319,3868
January 31, 2021,1277,1393
February 1, 2021,1611,1702
February 2, 2021,1667,1865
February 3, 2021,1874,2158
February 4, 2021,1294,1468
February 5, 2021,2060,2256
February 6, 2021,3019,3503
February 7, 2021,1459,1618
February 8, 2021,1619,1836
February 9, 2021,1367,1486
February 10, 2021,1146,1198
February 11, 2021,1246,1384
February 12, 2021,727,842
February 13, 2021,2866,3341
February 14, 2021,1541,1762
February 15, 2021,1678,1840
February 16, 2021,1129,1088
February 17, 2021,1502,1603
February 18, 2021,1433,1634
February 19, 2021,1999,2256
February 20, 2021,3015,3572
February 21, 2021,1457,1583
February 22, 2021,1821,1906
February 23, 2021,1212,1266
February 24, 2021,1028,1215
February 25, 2021,847,872
February 26, 2021,1302,1538
February 27, 2021,2491,2899
February 28, 2021,1351,1469
March 1, 2021,1619,1715
March 2, 2021,1548,1734
March 3, 2021,1366,1459
March 4, 2021,1185,1411
March 5, 2021,1211,1457
March 6, 2021,2019,2209
March 7, 2021,1632,1813
March 8, 2021,1702,1817
March 9, 2021,1973,2168
March 10, 2021,1620,1769
March 11, 2021,1633,1822
March 12, 2021,2637,3011
March 13, 2021,3623,4007
March 14, 2021,1438,1608
March 15, 2021,1854,1994
March 16, 2021,1628,1882
March 17, 2021,1531,1431
March 18, 2021,1472,1224
March 19, 2021,2056,1864
March 20, 2021,3576,2980
March 21, 2021,1348,1320
March 22, 2021,1616,1486
March 23, 2021,1564,1296
March 24, 2021,1498,2034
March 25, 2021,1636,1888
March 26, 2021,2940,3177
March 27, 2021,3556,3957
March 28, 2021,1536,1636
March 29, 2021,1482,1641
March 30, 2021,1850,1947
March 31, 2021,1862,1987
April 1, 2021,2620,2881
April 2, 2021,2793,3092
April 3, 2021,2994,3311
April 4, 2021,1501,1648
April 5, 2021,1043,1087
April 6, 2021,1735,1807
April 7, 2021,1870,2003
April 8, 2021,1688,1828
April 9, 2021,3009,3345
April 10, 2021,4035,4480
April 11, 2021,1466,1575
April 12, 2021,1385,1530
April 13, 2021,1653,1854
April 14, 2021,1733,1991
April 15, 2021,1523,1752
April 16, 2021,2573,2937
April 17, 2021,3171,3476
April 18, 2021,1139,1240
April 19, 2021,1215,1351
April 20, 2021,3009,3246
April 21, 2021,1155,1228
April 22, 2021,1628,1824
April 23, 2021,2508,2667
April 24, 2021,3568,4114
April 25, 2021,1144,1207
April 26, 2021,1487,1576
April 27, 2021,1473,1657
April 28, 2021,1472,1591
April 29, 2021,1363,1481
April 30, 2021,2372,2656
May 1, 2021,3335,3652
May 2, 2021,1298,1481
May 3, 2021,1596,1745
May 4, 2021,1508,1710
May 5, 2021,1523,1795
May 6, 2021,1011,1128
May 7, 2021,1782,1950
May 8, 2021,1841,2148
May 9, 2021,1188,1403
May 10, 2021,1501,1705
May 11, 2021,1019,1001
May 12, 2021,1150,1277
May 13, 2021,1274,1429
May 14, 2021,1816,2052
May 15, 2021,2576,3101
May 16, 2021,1262,1395
May 17, 2021,1341,1490
May 18, 2021,1444,1664
May 19, 2021,1476,1669
May 20, 2021,1423,1537
May 21, 2021,846,971
May 22, 2021,2079,2505
May 23, 2021,1164,1327
May 24, 2021,1367,1585
May 25, 2021,1429,1606
May 26, 2021,1468,1623
May 27, 2021,1303,1505
May 28, 2021,1691,2007
May 29, 2021,2054,2358
May 30, 2021,913,1061
May 31, 2021,1439,1503
June 1, 2021,1380,1568
June 2, 2021,2199,2368
June 3, 2021,1418,1569
June 4, 2021,1928,2199
June 5, 2021,2686,3033
June 6, 2021,916,985
June 7, 2021,786,949
June 8, 2021,1359,1558
June 9, 2021,956,1008
June 10, 2021,995,1151
June 11, 2021,1743,2099
June 12, 2021,2623,2980
June 13, 2021,1171,1290
June 14, 2021,1270,1364
June 15, 2021,1234,1372
June 16, 2021,1088,1282
June 17, 2021,1139,1408
June 18, 2021,1234,1436
June 19, 2021,2392,2854
June 20, 2021,929,1060
June 21, 2021,863,997
June 22, 2021,1134,1311
June 23, 2021,1432,1539
June 24, 2021,1171,1304
June 25, 2021,1853,2111
June 26, 2021,3026,3459
June 27, 2021,1122,1186
June 28, 2021,880,1014
June 29, 2021,1009,1095
June 30, 2021,947,1055
July 1, 2021,1094,1233
July 2, 2021,1634,1852
July 3, 2021,2353,2549
July 4, 2021,1039,1096
July 5, 2021,1242,1378
July 6, 2021,1167,1288
July 7, 2021,1143,1265
July 8, 2021,1749,2029
July 9, 2021,1567,1801
July 10, 2021,2417,2904
July 11, 2021,1095,1294
July 12, 2021,1328,1472
July 13, 2021,1346,1426
July 14, 2021,1366,1509
July 15, 2021,1128,1268
July 16, 2021,1097,1372
July 17, 2021,2682,3241
July 18, 2021,1071,1188
July 19, 2021,1106,1226
July 20, 2021,1150,1307
July 21, 2021,1165,1337
July 22, 2021,1164,1297
July 23, 2021,1585,1821
July 24, 2021,2827,3251
July 25, 2021,1113,1222
July 26, 2021,1284,1436
July 27, 2021,369,495
July 28, 2021,883,1007
July 29, 2021,823,915
July 30, 2021,1071,1285
July 31, 2021,1588,1902
August 1, 2021,936,1039
August 2, 2021,988,1144
August 3, 2021,1185,1324
August 4, 2021,1184,1254
August 5, 2021,1113,1234
August 6, 2021,1461,1621
August 7, 2021,1886,2227
August 8, 2021,1220,1347
August 9, 2021,1433,1650
August 10, 2021,1214,1343
August 11, 2021,1085,1126
August 12, 2021,852,911
August 13, 2021,1240,1363
August 14, 2021,2746,3049
August 15, 2021,1001,1103
August 16, 2021,1505,1717
August 17, 2021,1594,1754
August 18, 2021,1561,1770
August 19, 2021,1391,1614
August 20, 2021,1761,1999
August 21, 2021,2879,3281
August 22, 2021,1299,1546
August 23, 2021,1506,1702
August 24, 2021,1520,1770
August 25, 2021,1462,1637
August 26, 2021,1019,1164
August 27, 2021,390,488
August 28, 2021,1369,1585
August 29, 2021,1118,1230
August 30, 2021,1358,1587
August 31, 2021,1453,1666
September 1, 2021,1438,1611
September 2, 2021,1396,1579
September 3, 2021,1586,1804
September 4, 2021,2487,2796
September 5, 2021,1285,1391
September 6, 2021,2352,2662
September 7, 2021,1311,1521
September 8, 2021,1240,1316
September 9, 2021,1108,1180
September 10, 2021,1636,1825
September 11, 2021,2913,3252
September 12, 2021,1434,1517
September 13, 2021,1466,1684
September 14, 2021,1203,1257
September 15, 2021,1039,1085
September 16, 2021,1194,1306
September 17, 2021,1698,1899
September 18, 2021,2886,3116
September 19, 2021,1397,1489
September 20, 2021,1331,1389
September 21, 2021,1089,1211
September 22, 2021,1332,1487
September 23, 2021,1268,1426
September 24, 2021,897,1051
September 25, 2021,2694,2965
September 26, 2021,1363,1557
September 27, 2021,1672,1871
September 28, 2021,1419,1559
September 29, 2021,1468,1566
September 30, 2021,1085,1228
October 1, 2021,1298,1431
October 2, 2021,1880,2044
October 3, 2021,1003,1141
October 4, 2021,1304,1394
October 5, 2021,1515,1620
October 6, 2021,1194,1342
October 7, 2021,1337,1476
October 8, 2021,635,731
October 9, 2021,638,746
October 10, 2021,774,837
October 11, 2021,1938,2155
October 12, 2021,1387,1489
October 13, 2021,1292,1261
October 14, 2021,1130,1176
October 15, 2021,1290,1499
October 16, 2021,1352,1639
October 17, 2021,539,675
October 18, 2021,882,946
October 19, 2021,1122,1312
October 20, 2021,1387,1522
October 21, 2021,1384,1597
October 22, 2021,1880,2199
October 23, 2021,666,814
October 24, 2021,1197,1364
October 25, 2021,1330,1521
October 26, 2021,1159,1138
October 27, 2021,1106,1247
October 28, 2021,1273,1432
October 29, 2021,1517,1648
October 30, 2021,1099,1359
October 31, 2021,850,981
November 1, 2021,2169,2385
November 2, 2021,1434,1552
November 3, 2021,1648,1795
November 4, 2021,1500,1648
November 5, 2021,1812,1991
November 6, 2021,2690,2959
November 7, 2021,1455,1580
November 8, 2021,1585,1718
November 9, 2021,1532,1676
November 10, 2021,1157,1098
November 11, 2021,1246,1394
November 12, 2021,1512,1599
November 13, 2021,2261,2521
November 14, 2021,2234,2531
November 15, 2021,1526,1615
November 16, 2021,1613,1812
November 17, 2021,926,825
November 18, 2021,717,855
November 19, 2021,987,1132
November 20, 2021,2171,2384
November 21, 2021,1532,1614
November 22, 2021,1786,1938
November 23, 2021,1637,1776
November 24, 2021,1672,1918
November 25, 2021,1103,1268
November 26, 2021,1453,1601
November 27, 2021,2238,2424
November 28, 2021,1420,1506
November 29, 2021,1277,1270
November 30, 2021,1563,1698
December 1, 2021,1530,1627
December 2, 2021,1357,1525
December 3, 2021,1426,1624
December 4, 2021,2108,2342
December 5, 2021,1312,1439
December 6, 2021,794,843
December 7, 2021,1354,1477
December 8, 2021,1563,1681
December 9, 2021,1514,1655
December 10, 2021,1544,1616
December 11, 2021,1899,2107
December 12, 2021,1140,1006
December 13, 2021,1272,1441
December 14, 2021,1049,990
December 15, 2021,1213,1385
December 16, 2021,1070,1180
December 17, 2021,1116,1242
December 18, 2021,1401,1570
December 19, 2021,1286,1335
December 20, 2021,1320,1498
December 21, 2021,1077,1154
December 22, 2021,966,1052
December 23, 2021,694,718
December 24, 2021,692,787
December 25, 2021,1876,2123
December 26, 2021,880,861
December 27, 2021,914,963
December 28, 2021,932,1006
December 29, 2021,572,563
December 30, 2021,216,275
December 31, 2021,469,515
January 1, 2022,1262,1471
January 2, 2022,807,815
January 3, 2022,801,842
January 4, 2022,930,1006
January 5, 2022,897,891
January 6, 2022,715,706
January 7, 2022,721,813
January 8, 2022,751,824
January 9, 2022,975,975
January 10, 2022,952,1003
January 11, 2022,970,982
January 12, 2022,1038,1104
January 13, 2022,1065,733
January 14, 2022,728,826
January 15, 2022,1101,1184
January 16, 2022,1163,1184
January 17, 2022,1168,1100
January 18, 2022,1100,1056
January 19, 2022,980,936
January 20, 2022,816,780
January 21, 2022,820,941
January 22, 2022,1444,972
January 23, 2022,991,1024
January 24, 2022,1156,1136
January 25, 2022,1082,1096
January 26, 2022,944,820
January 27, 2022,816,732
January 28, 2022,940,848
January 29, 2022,1211,1193
January 30, 2022,1058,1005
January 31, 2022,1100,1140
February 1, 2022,1080,1064
February 2, 2022,1028,968
February 3, 2022,754,748
February 4, 2022,940,968
February 5, 2022,1311,1293
February 6, 2022,1191,1378
February 7, 2022,1469,1551
February 8, 2022,1609,1749
February 9, 2022,1510,1692
February 10, 2022,1406,1512
February 11, 2022,1450,1609
February 12, 2022,2684,2972
February 13, 2022,1375,1568
February 14, 2022,1523,1658
February 15, 2022,1539,1715
February 16, 2022,1322,1315
February 17, 2022,1346,1442
February 18, 2022,1612,1782
February 19, 2022,2543,2805
February 20, 2022,1331,1479
February 21, 2022,1666,1761
February 22, 2022,1425,1584
February 23, 2022,1502,1620
February 24, 2022,1320,1432
February 25, 2022,1380,1536
February 26, 2022,1739,2039
February 27, 2022,1229,1349
February 28, 2022,1366,1575
March 1, 2022,1158,1294
March 2, 2022,1402,1563
March 3, 2022,1279,1339
March 4, 2022,1345,1441
March 5, 2022,2259,2545
March 6, 2022,1309,1429
March 7, 2022,1615,1780
March 8, 2022,1583,1772
March 9, 2022,1665,1738
March 10, 2022,1066,1270
March 11, 2022,1177,1243
March 12, 2022,1918,2161
March 13, 2022,1099,1071
March 14, 2022,1210,1254
March 15, 2022,1345,1393
March 16, 2022,1654,1851
March 17, 2022,1570,1612
March 18, 2022,1354,1540
March 19, 2022,957,1100
March 20, 2022,1351,1475
March 21, 2022,1761,1923
March 22, 2022,1786,1979
March 23, 2022,1739,1907
March 24, 2022,1574,1705
March 25, 2022,1397,1716
March 26, 2022,1398,1644
March 27, 2022,1467,1551
March 28, 2022,1820,1966
March 29, 2022,1795,1941
March 30, 2022,1305,1306
March 31, 2022,1004,983
April 1, 2022,887,998
April 2, 2022,2179,2358
April 3, 2022,1393,1576
April 4, 2022,1502,1675
April 5, 2022,1787,1968
April 6, 2022,1734,1907
April 7, 2022,1593,1653
April 8, 2022,1489,1751
April 9, 2022,2337,2570
April 10, 2022,1552,1720
April 11, 2022,1761,1979
April 12, 2022,1413,1550
April 13, 2022,1493,1543
April 14, 2022,1515,1669
