Date,R. Vergueiro Bicicleta Bairro,R. Vergueiro Bicicleta Centro
January 17, 2016,767,585
January 18, 2016,1066,1087
January 19, 2016,927,925
January 20, 2016,1061,1159
January 21, 2016,863,877
January 22, 2016,1005,982
January 23, 2016,1034,1136
January 24, 2016,1376,1489
January 25, 2016,1137,1149
January 26, 2016,640,715
January 27, 2016,973,1093
January 28, 2016,858,951
January 29, 2016,822,802
January 30, 2016,1129,1086
January 31, 2016,1105,1102
February 1, 2016,1186,1072
February 2, 2016,1114,1186
February 3, 2016,793,653
February 4, 2016,0,0
February 5, 2016,0,0
February 6, 2016,0,0
February 7, 2016,0,0
February 8, 2016,0,0
February 9, 2016,0,0
February 10, 2016,572,420
February 11, 2016,1039,1068
February 12, 2016,967,983
February 13, 2016,1530,1649
February 14, 2016,330,492
February 15, 2016,1108,1023
February 16, 2016,884,881
February 17, 2016,1123,1169
February 18, 2016,958,963
February 19, 2016,922,933
February 20, 2016,1141,1423
February 21, 2016,980,962
February 22, 2016,1064,1143
February 23, 2016,799,834
February 24, 2016,1126,1218
February 25, 2016,1136,1056
February 26, 2016,976,995
February 27, 2016,1040,1140
February 28, 2016,644,670
February 29, 2016,433,419
March 1, 2016,660,681
March 2, 2016,535,557
March 3, 2016,905,923
March 4, 2016,1073,1088
March 5, 2016,1044,1098
March 6, 2016,860,878
March 7, 2016,1184,1213
March 16, 2016,769,621
March 17, 2016,937,1046
March 18, 2016,1215,1195
March 19, 2016,1180,1196
March 20, 2016,1156,1202
March 21, 2016,1147,1181
March 22, 2016,816,777
March 23, 2016,886,885
March 24, 2016,396,496
March 25, 2016,899,902
March 26, 2016,879,1013
March 27, 2016,1005,1025
March 28, 2016,1146,1207
March 29, 2016,1036,1067
March 30, 2016,1029,1091
March 31, 2016,982,1070
April 1, 2016,1023,976
April 2, 2016,1146,1203
April 3, 2016,1095,1134
April 4, 2016,1303,1317
April 5, 2016,1214,1254
April 6, 2016,1313,1300
April 7, 2016,1001,1035
April 8, 2016,947,1013
April 9, 2016,1068,1129
April 10, 2016,1095,1132
April 11, 2016,1298,1385
April 12, 2016,1180,1228
April 13, 2016,1342,1336
April 14, 2016,1064,1145
April 15, 2016,1036,978
April 16, 2016,857,920
April 17, 2016,1098,1121
April 18, 2016,1270,1399
April 19, 2016,1091,1138
April 20, 2016,1031,1214
April 21, 2016,947,907
April 22, 2016,953,959
April 23, 2016,1203,1241
April 24, 2016,1181,1122
April 25, 2016,1051,1118
April 26, 2016,694,749
April 27, 2016,901,933
April 28, 2016,756,808
April 29, 2016,859,808
April 30, 2016,991,1037
May 1, 2016,978,981
May 2, 2016,1064,1213
May 3, 2016,1059,1049
May 4, 2016,1121,1178
May 5, 2016,964,968
May 6, 2016,872,754
May 7, 2016,651,705
May 8, 2016,1009,1026
May 9, 2016,1136,1133
May 10, 2016,1074,1062
May 11, 2016,910,992
May 12, 2016,892,918
May 13, 2016,860,822
May 14, 2016,1271,1390
May 15, 2016,613,589
May 16, 2016,961,1071
May 17, 2016,449,462
May 18, 2016,479,488
May 19, 2016,742,791
May 20, 2016,356,354
May 21, 2016,899,1879
May 22, 2016,613,614
May 23, 2016,726,771
May 24, 2016,750,796
May 25, 2016,1047,953
May 26, 2016,737,695
May 27, 2016,739,716
May 28, 2016,687,662
May 29, 2016,695,676
May 30, 2016,867,930
May 31, 2016,710,740
June 1, 2016,711,716
June 2, 2016,401,416
June 3, 2016,305,309
June 4, 2016,0,0
June 5, 2016,0,0
June 6, 2016,309,308
June 7, 2016,896,967
June 8, 2016,827,854
June 9, 2016,672,729
June 10, 2016,630,605
June 11, 2016,547,603
June 12, 2016,606,628
June 13, 2016,752,785
June 14, 2016,813,809
June 15, 2016,947,950
June 16, 2016,866,919
June 17, 2016,633,640
June 18, 2016,926,916
June 19, 2016,601,610
June 20, 2016,575,622
June 21, 2016,630,665
June 22, 2016,935,910
June 23, 2016,739,792
June 24, 2016,661,628
June 25, 2016,964,990
June 26, 2016,783,830
June 27, 2016,875,946
June 28, 2016,925,965
June 29, 2016,1014,1063
June 30, 2016,832,810
July 1, 2016,795,748
July 2, 2016,1125,1110
July 3, 2016,934,922
July 4, 2016,1135,1164
July 5, 2016,998,999
July 6, 2016,870,929
July 7, 2016,748,770
July 8, 2016,510,571
July 9, 2016,1015,995
July 10, 2016,879,844
July 11, 2016,1124,1125
July 12, 2016,1031,1030
July 13, 2016,1064,1036
July 14, 2016,925,940
July 15, 2016,471,437
July 16, 2016,972,917
July 17, 2016,735,723
July 18, 2016,742,747
July 19, 2016,734,739
July 20, 2016,817,826
July 21, 2016,634,670
July 22, 2016,706,643
July 23, 2016,1890,1002
July 24, 2016,883,875
July 25, 2016,1100,1189
July 26, 2016,927,955
July 27, 2016,846,844
July 28, 2016,644,665
July 29, 2016,719,775
July 30, 2016,928,913
July 31, 2016,978,1024
August 1, 2016,829,834
August 2, 2016,869,895
August 3, 2016,1000,986
August 4, 2016,901,907
August 5, 2016,898,886
August 6, 2016,980,1004
August 7, 2016,767,780
August 8, 2016,1084,967
August 9, 2016,822,853
August 10, 2016,747,796
August 11, 2016,658,678
August 12, 2016,786,754
August 13, 2016,772,843
August 14, 2016,665,666
August 15, 2016,1020,1032
August 16, 2016,1022,1040
August 17, 2016,769,736
August 18, 2016,794,818
August 19, 2016,374,386
August 20, 2016,82,99
August 21, 2016,422,455
August 22, 2016,759,766
August 23, 2016,870,893
August 24, 2016,1019,1114
August 25, 2016,873,924
August 26, 2016,889,913
August 27, 2016,1142,1177
August 28, 2016,1032,1063
August 29, 2016,1171,1149
August 30, 2016,422,402
August 31, 2016,982,1129
September 1, 2016,828,863
September 2, 2016,761,750
September 3, 2016,678,756
September 4, 2016,946,962
September 5, 2016,543,544
September 6, 2016,664,745
September 7, 2016,991,980
September 8, 2016,781,818
September 9, 2016,775,791
September 10, 2016,975,1029
September 11, 2016,1021,1055
September 12, 2016,1169,1334
September 13, 2016,1048,1033
September 14, 2016,1131,1132
September 15, 2016,815,794
September 16, 2016,806,804
September 17, 2016,816,866
September 18, 2016,904,917
September 19, 2016,722,757
September 20, 2016,897,891
September 21, 2016,979,986
September 22, 2016,887,960
September 23, 2016,698,654
September 24, 2016,321,344
September 25, 2016,750,828
September 26, 2016,966,1015
September 27, 2016,949,954
September 28, 2016,997,1015
September 29, 2016,807,837
September 30, 2016,726,725
October 1, 2016,829,859
October 2, 2016,366,399
October 3, 2016,714,691
October 4, 2016,858,923
October 5, 2016,830,827
October 6, 2016,752,755
October 7, 2016,921,897
October 8, 2016,994,1040
October 9, 2016,800,790
October 10, 2016,769,855
October 11, 2016,1023,1090
October 12, 2016,569,619
October 13, 2016,685,690
October 14, 2016,824,826
October 15, 2016,1054,1154
October 16, 2016,880,901
October 17, 2016,1115,1144
October 18, 2016,1021,1082
October 19, 2016,700,738
October 20, 2016,711,691
October 21, 2016,651,683
October 22, 2016,1030,1009
October 23, 2016,878,921
October 24, 2016,503,496
October 25, 2016,963,1031
October 26, 2016,911,879
October 27, 2016,938,995
October 28, 2016,800,758
October 29, 2016,942,939
October 30, 2016,908,971
October 31, 2016,1011,1113
November 1, 2016,930,1076
November 2, 2016,438,484
November 3, 2016,615,648
November 4, 2016,709,661
November 5, 2016,2772,2875
November 6, 2016,919,933
November 7, 2016,1079,1291
November 8, 2016,765,836
November 9, 2016,945,936
November 10, 2016,812,862
November 11, 2016,495,520
November 12, 2016,55,80
November 13, 2016,387,379
November 14, 2016,627,637
November 15, 2016,795,806
November 16, 2016,810,863
November 17, 2016,628,663
November 18, 2016,653,706
November 19, 2016,1075,1053
November 20, 2016,969,1038
November 21, 2016,1058,1048
November 22, 2016,726,710
November 23, 2016,1071,1180
November 24, 2016,838,826
November 25, 2016,837,808
November 26, 2016,1349,927
November 27, 2016,855,865
November 28, 2016,623,640
November 29, 2016,630,624
November 30, 2016,788,846
December 1, 2016,807,840
December 2, 2016,566,591
December 3, 2016,786,808
December 4, 2016,875,928
December 5, 2016,1169,1296
December 6, 2016,868,894
December 7, 2016,954,954
December 8, 2016,781,835
December 9, 2016,631,655
December 10, 2016,466,590
December 11, 2016,563,558
December 12, 2016,987,1162
December 13, 2016,765,800
December 14, 2016,638,657
December 15, 2016,712,741
December 16, 2016,674,860
December 17, 2016,834,898
December 18, 2016,734,767
December 19, 2016,829,881
December 20, 2016,674,671
December 21, 2016,826,864
December 22, 2016,616,632
December 23, 2016,574,592
December 24, 2016,448,507
December 25, 2016,787,884
December 26, 2016,779,815
December 27, 2016,728,766
December 28, 2016,679,722
December 29, 2016,675,655
December 30, 2016,500,543
December 31, 2016,886,851
January 1, 2017,450,461
January 2, 2017,625,633
January 3, 2017,915,927
January 4, 2017,874,975
January 5, 2017,610,677
January 6, 2017,627,612
January 7, 2017,1152,1387
January 8, 2017,709,777
January 9, 2017,1067,1138
January 10, 2017,778,799
January 11, 2017,805,869
January 12, 2017,834,867
January 13, 2017,837,838
January 14, 2017,862,1062
January 15, 2017,648,667
January 16, 2017,593,598
January 17, 2017,395,416
January 18, 2017,407,447
January 19, 2017,258,270
January 20, 2017,255,270
January 21, 2017,343,412
January 22, 2017,700,720
January 23, 2017,830,947
January 24, 2017,1081,1162
January 25, 2017,174,305
January 26, 2017,0,0
January 27, 2017,0,0
January 28, 2017,0,0
January 29, 2017,0,0
January 30, 2017,0,0
January 31, 2017,0,0
February 1, 2017,579,477
February 2, 2017,737,790
February 3, 2017,690,713
February 4, 2017,1142,1233
February 5, 2017,701,726
February 6, 2017,955,967
February 7, 2017,1165,1133
February 8, 2017,1042,1157
February 9, 2017,922,1033
February 10, 2017,902,816
February 11, 2017,916,974
February 12, 2017,1046,1093
February 13, 2017,1201,1266
February 14, 2017,1061,1169
February 15, 2017,1144,1094
February 16, 2017,985,1016
February 17, 2017,805,821
February 18, 2017,837,820
February 19, 2017,992,1063
February 20, 2017,1240,1245
February 21, 2017,436,663
February 22, 2017,0,0
February 23, 2017,390,271
February 24, 2017,642,629
February 25, 2017,570,686
February 26, 2017,775,702
February 27, 2017,1501,1514
February 28, 2017,816,782
March 1, 2017,887,910
March 2, 2017,667,707
March 3, 2017,863,817
March 4, 2017,669,730
March 5, 2017,617,647
March 6, 2017,747,776
March 7, 2017,850,884
March 8, 2017,916,797
March 9, 2017,825,846
March 10, 2017,810,867
March 11, 2017,993,1065
March 12, 2017,746,774
March 13, 2017,887,872
March 14, 2017,1573,1652
March 15, 2017,1194,1215
March 16, 2017,717,716
March 17, 2017,546,530
March 18, 2017,494,484
March 19, 2017,899,887
March 20, 2017,1069,1112
March 21, 2017,1125,1188
March 22, 2017,955,1091
March 23, 2017,953,996
March 24, 2017,805,794
March 25, 2017,887,953
March 26, 2017,814,849
March 27, 2017,951,1055
March 28, 2017,979,1010
March 29, 2017,1046,1099
March 30, 2017,857,879
March 31, 2017,715,711
April 1, 2017,830,919
April 2, 2017,998,1013
April 3, 2017,1211,1242
April 4, 2017,1096,1092
April 5, 2017,423,408
April 6, 2017,468,507
April 7, 2017,624,645
April 8, 2017,824,926
April 9, 2017,860,903
April 10, 2017,1097,1245
April 11, 2017,497,506
April 12, 2017,667,726
April 13, 2017,538,554
April 14, 2017,745,779
April 15, 2017,672,763
April 16, 2017,595,644
April 17, 2017,888,948
April 18, 2017,916,969
April 19, 2017,920,990
April 20, 2017,431,432
April 21, 2017,485,516
April 22, 2017,593,671
April 23, 2017,897,951
April 24, 2017,1066,1098
April 25, 2017,527,570
April 26, 2017,632,660
April 27, 2017,1215,1315
April 28, 2017,601,593
April 29, 2017,750,758
April 30, 2017,849,908
May 1, 2017,944,905
May 2, 2017,980,1049
May 3, 2017,1115,1101
May 4, 2017,359,314
May 5, 2017,601,653
May 6, 2017,671,702
May 7, 2017,956,1013
May 8, 2017,1067,1183
May 9, 2017,984,993
May 10, 2017,897,885
May 11, 2017,928,905
May 12, 2017,859,838
May 13, 2017,491,544
May 14, 2017,973,1022
May 15, 2017,1087,1099
May 16, 2017,887,918
May 17, 2017,661,637
May 18, 2017,203,213
May 19, 2017,604,645
May 20, 2017,123,163
May 21, 2017,506,571
May 22, 2017,972,1138
May 23, 2017,882,939
May 24, 2017,1055,1051
May 25, 2017,904,930
May 26, 2017,703,728
May 27, 2017,724,746
May 28, 2017,966,1018
May 29, 2017,801,863
May 30, 2017,986,1042
May 31, 2017,901,942
June 1, 2017,811,842
June 2, 2017,702,711
June 3, 2017,835,887
June 4, 2017,368,417
June 5, 2017,495,527
June 6, 2017,755,831
June 7, 2017,1024,1072
June 8, 2017,666,692
June 9, 2017,680,700
June 10, 2017,835,844
June 11, 2017,711,721
June 12, 2017,260,260
June 13, 2017,678,725
June 14, 2017,575,621
June 15, 2017,628,644
June 16, 2017,706,695
June 17, 2017,646,545
June 18, 2017,749,809
June 19, 2017,541,572
June 20, 2017,654,730
June 21, 2017,891,871
June 22, 2017,812,826
June 23, 2017,722,718
June 24, 2017,829,836
June 25, 2017,799,861
June 26, 2017,977,997
June 27, 2017,917,926
June 28, 2017,908,978
June 29, 2017,855,900
June 30, 2017,434,430
July 1, 2017,360,362
July 2, 2017,608,613
July 3, 2017,811,852
July 4, 2017,731,778
July 5, 2017,742,742
July 6, 2017,646,718
July 7, 2017,629,633
July 8, 2017,768,887
July 9, 2017,739,858
July 10, 2017,998,1018
July 11, 2017,850,861
July 12, 2017,923,877
July 13, 2017,755,771
July 14, 2017,696,690
July 15, 2017,782,831
July 16, 2017,782,850
July 17, 2017,519,538
July 18, 2017,514,525
July 19, 2017,661,739
July 20, 2017,759,789
July 21, 2017,691,699
July 22, 2017,850,872
July 23, 2017,903,943
July 24, 2017,1008,970
July 25, 2017,892,959
July 26, 2017,892,941
July 27, 2017,760,794
July 28, 2017,807,781
July 29, 2017,830,908
July 30, 2017,859,891
July 31, 2017,981,1030
August 1, 2017,886,992
August 2, 2017,805,838
August 3, 2017,506,546
August 4, 2017,421,435
August 5, 2017,741,679
August 6, 2017,834,890
August 7, 2017,1033,1096
August 8, 2017,1008,1053
August 9, 2017,766,845
August 10, 2017,779,821
August 11, 2017,737,744
August 12, 2017,709,779
August 13, 2017,872,872
August 14, 2017,462,504
August 15, 2017,488,513
August 16, 2017,356,370
August 17, 2017,434,498
August 18, 2017,209,193
August 19, 2017,137,187
August 20, 2017,347,359
August 21, 2017,694,765
August 22, 2017,851,875
August 23, 2017,916,969
August 24, 2017,809,861
August 25, 2017,780,759
August 26, 2017,899,958
August 27, 2017,910,964
August 28, 2017,1005,1172
August 29, 2017,1033,1149
August 30, 2017,725,785
August 31, 2017,834,848
September 1, 2017,688,757
September 2, 2017,977,1044
September 3, 2017,1006,1004
September 4, 2017,1111,1141
September 5, 2017,866,906
September 6, 2017,784,826
September 7, 2017,699,735
September 8, 2017,746,724
September 9, 2017,877,929
September 10, 2017,995,1013
September 11, 2017,1085,1169
September 12, 2017,1060,1080
September 13, 2017,1103,1157
September 14, 2017,916,981
September 15, 2017,794,847
September 16, 2017,800,925
September 17, 2017,894,951
September 18, 2017,1051,1182
September 19, 2017,1102,1105
September 20, 2017,1068,1110
September 21, 2017,958,1000
September 22, 2017,798,759
September 23, 2017,817,847
September 24, 2017,954,1005
September 25, 2017,1057,1129
September 26, 2017,1088,1152
September 27, 2017,768,902
September 28, 2017,646,663
September 29, 2017,342,365
September 30, 2017,838,878
October 1, 2017,671,697
October 2, 2017,812,783
October 3, 2017,1061,1118
October 4, 2017,1041,1030
October 5, 2017,823,860
October 6, 2017,239,224
October 7, 2017,583,701
October 8, 2017,966,1007
October 9, 2017,864,1008
October 10, 2017,797,821
October 11, 2017,620,678
October 12, 2017,636,667
October 13, 2017,613,584
October 14, 2017,485,508
October 15, 2017,813,851
October 16, 2017,1011,1075
October 17, 2017,1022,1129
October 18, 2017,1002,1059
October 19, 2017,760,802
October 20, 2017,613,635
October 21, 2017,265,241
October 22, 2017,574,548
October 23, 2017,857,955
October 24, 2017,900,926
October 25, 2017,576,606
October 26, 2017,535,606
October 27, 2017,699,784
October 28, 2017,596,688
October 29, 2017,639,677
October 30, 2017,869,886
October 31, 2017,774,809
November 1, 2017,841,903
November 2, 2017,741,728
November 3, 2017,676,671
November 4, 2017,1488,1394
November 5, 2017,636,636
November 6, 2017,842,896
November 7, 2017,865,857
November 8, 2017,712,745
November 9, 2017,798,826
November 10, 2017,556,561
November 11, 2017,2927,3231
November 12, 2017,922,975
November 13, 2017,979,1022
November 14, 2017,858,989
November 15, 2017,823,844
November 16, 2017,505,540
November 17, 2017,598,633
November 18, 2017,457,460
November 19, 2017,960,934
November 20, 2017,577,619
November 21, 2017,581,571
November 22, 2017,804,849
November 23, 2017,802,932
November 24, 2017,761,798
November 25, 2017,764,667
November 26, 2017,418,440
November 27, 2017,910,999
November 28, 2017,990,1001
November 29, 2017,838,871
November 30, 2017,677,733
December 1, 2017,615,677
December 2, 2017,718,771
December 3, 2017,857,893
December 4, 2017,898,999
December 5, 2017,933,982
December 6, 2017,699,736
December 7, 2017,518,579
December 8, 2017,755,765
December 9, 2017,670,822
December 10, 2017,768,754
December 11, 2017,760,840
December 12, 2017,851,852
December 13, 2017,899,920
December 14, 2017,810,868
December 15, 2017,568,684
December 16, 2017,792,823
December 17, 2017,752,817
December 18, 2017,904,906
December 19, 2017,640,690
December 20, 2017,360,375
December 21, 2017,494,516
December 22, 2017,571,636
December 23, 2017,424,472
December 24, 2017,496,482
December 25, 2017,461,492
December 26, 2017,705,712
December 27, 2017,476,500
December 28, 2017,357,360
December 29, 2017,406,424
December 30, 2017,493,513
December 31, 2017,801,755
January 1, 2018,593,626
January 2, 2018,350,414
January 3, 2018,1029,945
January 4, 2018,776,802
January 5, 2018,700,714
January 6, 2018,213,230
January 7, 2018,225,230
January 8, 2018,680,664
January 9, 2018,737,760
January 10, 2018,753,843
January 11, 2018,739,769
January 12, 2018,618,634
January 13, 2018,793,875
January 14, 2018,918,984
January 15, 2018,789,825
January 16, 2018,881,937
January 17, 2018,1284,1262
January 18, 2018,759,816
January 19, 2018,659,679
January 20, 2018,807,868
January 21, 2018,818,890
January 22, 2018,942,1018
January 23, 2018,853,925
January 24, 2018,815,721
January 25, 2018,487,544
January 26, 2018,617,664
January 27, 2018,920,876
January 28, 2018,643,705
January 29, 2018,451,458
January 30, 2018,952,1017
January 31, 2018,1010,1057
February 1, 2018,847,987
February 2, 2018,713,714
February 3, 2018,715,808
February 4, 2018,801,816
February 5, 2018,879,928
February 6, 2018,1036,1118
February 7, 2018,995,1067
February 8, 2018,871,960
February 9, 2018,602,647
February 10, 2018,1460,1611
February 11, 2018,729,717
February 12, 2018,653,649
February 13, 2018,446,460
February 14, 2018,646,683
February 15, 2018,713,732
February 16, 2018,730,766
February 17, 2018,613,680
February 18, 2018,997,1008
February 19, 2018,979,1021
February 20, 2018,1006,1106
February 21, 2018,908,959
February 22, 2018,814,868
February 23, 2018,788,816
February 24, 2018,862,913
February 25, 2018,609,648
February 26, 2018,904,932
February 27, 2018,1043,1069
February 28, 2018,987,1099
March 1, 2018,720,756
March 2, 2018,710,694
March 3, 2018,664,801
March 4, 2018,917,965
March 5, 2018,867,875
March 6, 2018,848,894
March 7, 2018,710,741
March 8, 2018,868,921
March 9, 2018,735,792
March 10, 2018,920,953
March 11, 2018,824,865
March 12, 2018,920,981
March 13, 2018,853,912
March 14, 2018,985,1040
March 15, 2018,964,1021
March 16, 2018,736,737
March 17, 2018,800,937
March 18, 2018,996,1011
March 19, 2018,648,774
March 20, 2018,868,854
March 21, 2018,864,947
March 22, 2018,839,916
March 23, 2018,802,810
March 24, 2018,782,859
March 25, 2018,804,832
March 26, 2018,665,725
March 27, 2018,607,639
March 28, 2018,638,668
March 29, 2018,306,375
March 30, 2018,709,706
March 31, 2018,577,702
April 1, 2018,931,896
April 2, 2018,836,844
April 3, 2018,1041,1066
April 4, 2018,1007,1093
April 5, 2018,951,1007
April 6, 2018,779,778
April 7, 2018,764,814
April 8, 2018,972,1019
April 9, 2018,1146,1225
April 10, 2018,1112,1143
April 11, 2018,1042,1130
April 12, 2018,970,1049
April 13, 2018,732,818
April 14, 2018,169,156
April 15, 2018,719,716
April 16, 2018,1001,1053
April 17, 2018,892,727
April 18, 2018,1051,1109
April 19, 2018,921,974
April 20, 2018,469,560
April 21, 2018,769,891
April 22, 2018,944,1006
April 23, 2018,1135,1227
April 24, 2018,869,1018
April 25, 2018,1064,1119
April 26, 2018,927,1004
April 27, 2018,583,682
April 28, 2018,855,798
April 29, 2018,845,863
April 30, 2018,829,868
May 1, 2018,992,1036
May 2, 2018,1172,1125
May 3, 2018,1012,1105
May 4, 2018,817,863
May 5, 2018,896,878
May 6, 2018,1038,1091
May 7, 2018,1056,1158
May 8, 2018,1115,1127
May 9, 2018,1094,1239
May 10, 2018,1006,1120
May 11, 2018,782,765
May 12, 2018,494,491
May 13, 2018,978,987
May 14, 2018,1047,1164
May 15, 2018,1026,1055
May 16, 2018,1157,1145
May 17, 2018,946,980
May 18, 2018,511,489
May 19, 2018,601,590
May 20, 2018,859,872
May 21, 2018,988,1044
May 22, 2018,1030,1004
May 23, 2018,1059,1101
May 24, 2018,1030,1099
May 25, 2018,1066,1078
May 26, 2018,969,971
May 27, 2018,1300,1376
May 28, 2018,1517,1559
May 29, 2018,1248,1310
May 30, 2018,957,1032
May 31, 2018,950,952
June 1, 2018,821,845
June 2, 2018,303,264
June 3, 2018,810,828
June 4, 2018,868,868
June 5, 2018,950,980
June 6, 2018,677,724
June 7, 2018,780,877
June 8, 2018,723,664
June 9, 2018,667,755
June 10, 2018,1088,1145
June 11, 2018,1011,1081
June 12, 2018,773,762
June 13, 2018,703,742
June 14, 2018,642,692
June 15, 2018,479,475
June 16, 2018,350,477
June 17, 2018,846,889
June 18, 2018,1056,1159
June 19, 2018,1023,1092
June 20, 2018,1042,1137
June 21, 2018,859,940
June 22, 2018,745,755
June 23, 2018,732,774
June 24, 2018,1002,1092
June 25, 2018,1061,1135
June 26, 2018,1024,978
June 27, 2018,972,1045
June 28, 2018,1013,1110
June 29, 2018,736,745
June 30, 2018,743,713
July 1, 2018,983,1062
July 2, 2018,984,1058
July 3, 2018,1002,990
July 4, 2018,1012,1038
July 5, 2018,880,903
July 6, 2018,623,650
July 7, 2018,826,795
July 8, 2018,582,607
July 9, 2018,650,690
July 10, 2018,631,677
July 11, 2018,792,817
July 12, 2018,723,767
July 13, 2018,755,793
July 14, 2018,704,825
July 15, 2018,993,985
July 16, 2018,1087,1156
July 17, 2018,1051,1084
July 18, 2018,1161,1205
July 19, 2018,917,961
July 20, 2018,679,700
July 21, 2018,656,624
July 22, 2018,950,947
July 23, 2018,911,1134
July 24, 2018,914,1010
July 25, 2018,1011,1138
July 26, 2018,922,1043
July 27, 2018,773,855
July 28, 2018,807,767
July 29, 2018,816,851
July 30, 2018,520,567
July 31, 2018,479,477
August 1, 2018,635,683
August 2, 2018,350,379
August 3, 2018,594,727
August 4, 2018,396,432
August 5, 2018,276,289
August 6, 2018,765,836
August 7, 2018,935,1290
August 8, 2018,885,1109
August 9, 2018,844,1125
August 10, 2018,774,1065
August 11, 2018,489,634
August 12, 2018,878,993
August 13, 2018,1033,1386
August 14, 2018,866,876
August 15, 2018,699,741
August 16, 2018,663,729
August 17, 2018,747,912
August 18, 2018,898,1046
August 19, 2018,975,1320
August 20, 2018,1188,1422
August 21, 2018,971,1160
August 22, 2018,1148,1374
August 23, 2018,954,1173
August 24, 2018,573,861
August 25, 2018,331,347
August 26, 2018,783,868
August 27, 2018,1042,1493
August 28, 2018,1104,1714
August 29, 2018,1077,1504
August 30, 2018,1110,1549
August 31, 2018,830,1309
September 1, 2018,921,1044
September 2, 2018,806,999
September 3, 2018,584,846
September 4, 2018,747,744
September 5, 2018,830,1223
September 6, 2018,734,1262
September 7, 2018,665,1126
September 8, 2018,777,1016
September 9, 2018,943,1521
September 10, 2018,1075,1235
September 11, 2018,1002,1134
September 12, 2018,976,1214
September 13, 2018,281,306
September 14, 2018,558,605
September 15, 2018,655,1008
September 16, 2018,544,589
September 17, 2018,1103,1330
September 18, 2018,1080,1202
September 19, 2018,677,818
September 20, 2018,887,1101
September 21, 2018,991,1683
September 22, 2018,1036,1693
September 23, 2018,1087,2083
September 24, 2018,1254,1522
September 25, 2018,1050,1348
September 26, 2018,882,1091
September 27, 2018,746,890
September 28, 2018,755,1134
September 29, 2018,568,621
September 30, 2018,797,972
October 1, 2018,1217,1875
October 2, 2018,901,1381
October 3, 2018,983,1136
October 4, 2018,711,813
October 5, 2018,524,522
October 6, 2018,853,991
October 7, 2018,513,557
October 8, 2018,967,1422
October 9, 2018,796,988
October 10, 2018,558,589
October 11, 2018,598,708
October 12, 2018,659,1036
October 13, 2018,441,512
October 14, 2018,635,917
October 15, 2018,942,1382
October 16, 2018,922,1211
October 17, 2018,872,1246
October 18, 2018,698,823
October 19, 2018,754,1346
October 20, 2018,643,757
October 21, 2018,1020,1638
October 22, 2018,1176,1610
October 23, 2018,456,461
October 24, 2018,450,540
October 25, 2018,779,1047
October 26, 2018,647,840
October 27, 2018,1257,1694
October 28, 2018,879,1184
October 29, 2018,1138,1877
October 30, 2018,869,1615
October 31, 2018,958,1489
November 1, 2018,732,855
November 2, 2018,823,1127
November 3, 2018,397,609
November 4, 2018,850,1117
November 5, 2018,1060,1210
November 6, 2018,751,853
November 7, 2018,645,796
November 8, 2018,833,1018
November 9, 2018,634,877
November 10, 2018,770,1064
November 11, 2018,12,8
November 12, 2018,0,0
November 13, 2018,0,0
November 14, 2018,0,0
November 15, 2018,718,759
November 16, 2018,594,650
November 17, 2018,637,672
November 18, 2018,220,227
November 19, 2018,405,404
November 20, 2018,813,853
November 21, 2018,1044,1079
November 22, 2018,895,924
November 23, 2018,554,567
November 24, 2018,565,503
November 25, 2018,1053,1069
November 26, 2018,1226,1390
November 27, 2018,1104,1224
November 28, 2018,261,560
November 29, 2018,0,0
November 30, 2018,0,0
December 1, 2018,0,0
December 2, 2018,0,0
December 3, 2018,0,0
December 4, 2018,975,772
December 5, 2018,1035,999
December 6, 2018,836,858
December 7, 2018,597,634
December 8, 2018,863,846
December 9, 2018,1058,1163
December 10, 2018,1347,1410
December 11, 2018,1185,1195
December 12, 2018,963,1056
December 13, 2018,1026,1072
December 14, 2018,539,572
December 15, 2018,618,681
December 16, 2018,483,692
December 17, 2018,809,934
December 18, 2018,969,1034
December 19, 2018,1090,1155
December 20, 2018,904,898
December 21, 2018,754,736
December 22, 2018,459,465
December 23, 2018,442,404
December 24, 2018,685,666
December 25, 2018,879,937
December 26, 2018,891,948
December 27, 2018,754,755
December 28, 2018,784,768
December 29, 2018,686,628
December 30, 2018,525,576
December 31, 2018,529,524
January 1, 2019,769,777
January 2, 2019,710,735
January 3, 2019,610,611
January 4, 2019,418,444
January 5, 2019,747,819
January 6, 2019,1142,1174
January 7, 2019,978,1083
January 8, 2019,903,877
January 9, 2019,446,753
January 10, 2019,708,755
January 11, 2019,947,878
January 12, 2019,763,772
January 13, 2019,1074,1083
January 14, 2019,1349,1345
January 15, 2019,1081,1133
January 16, 2019,918,990
January 17, 2019,1013,1010
January 18, 2019,811,909
January 19, 2019,750,804
January 20, 2019,1121,1235
January 21, 2019,1310,1371
January 22, 2019,1230,1291
January 23, 2019,1084,1097
January 24, 2019,438,442
January 25, 2019,793,777
January 26, 2019,953,977
January 27, 2019,1200,1279
January 28, 2019,1386,1483
January 29, 2019,1228,1335
January 30, 2019,1236,1330
January 31, 2019,1147,1183
February 1, 2019,830,893
February 2, 2019,842,808
February 3, 2019,525,560
February 4, 2019,1159,1176
February 5, 2019,344,352
February 6, 2019,1177,1198
February 7, 2019,1187,1234
February 8, 2019,934,994
February 9, 2019,923,913
February 10, 2019,1136,1201
February 11, 2019,932,1002
February 12, 2019,680,682
February 13, 2019,1186,1302
February 14, 2019,676,738
February 15, 2019,311,330
February 16, 2019,607,657
February 17, 2019,1176,1227
February 18, 2019,1468,1486
February 19, 2019,1208,1179
February 20, 2019,856,903
February 21, 2019,860,919
February 22, 2019,877,874
February 23, 2019,2176,2120
February 24, 2019,1075,1116
February 25, 2019,591,612
February 26, 2019,1074,1053
February 27, 2019,494,520
February 28, 2019,675,705
March 1, 2019,639,650
March 2, 2019,1277,1305
March 3, 2019,748,751
March 4, 2019,1061,1007
March 5, 2019,838,814
March 6, 2019,965,981
March 7, 2019,1179,1157
March 8, 2019,618,699
March 9, 2019,1876,1762
March 10, 2019,776,733
March 11, 2019,1125,1150
March 12, 2019,1218,1183
March 13, 2019,980,1046
March 14, 2019,859,892
March 15, 2019,864,891
March 16, 2019,403,497
March 17, 2019,1272,1300
March 18, 2019,1114,1133
March 19, 2019,1231,1158
March 20, 2019,505,520
March 21, 2019,1087,1067
March 22, 2019,961,988
March 23, 2019,786,834
March 24, 2019,1360,1372
March 25, 2019,1422,1428
March 26, 2019,1279,1298
March 27, 2019,1136,1230
March 28, 2019,1124,1135
March 29, 2019,929,945
March 30, 2019,811,890
March 31, 2019,1307,1271
April 1, 2019,1444,1487
April 2, 2019,1428,1344
April 3, 2019,1404,1379
April 4, 2019,1234,1245
April 5, 2019,640,643
April 6, 2019,565,632
April 7, 2019,333,355
April 8, 2019,484,502
April 9, 2019,1015,971
April 10, 2019,1233,1252
April 11, 2019,1141,1163
April 12, 2019,950,1009
April 13, 2019,315,350
April 14, 2019,1144,1144
April 15, 2019,1203,1235
April 16, 2019,1287,1325
April 17, 2019,1199,1187
April 18, 2019,664,693
April 19, 2019,880,909
April 20, 2019,533,664
April 21, 2019,1183,1215
April 22, 2019,1139,1205
April 23, 2019,1279,1342
April 24, 2019,1201,1273
April 25, 2019,985,995
April 26, 2019,966,976
April 27, 2019,559,627
April 28, 2019,1110,1161
April 29, 2019,1372,1500
April 30, 2019,910,955
May 1, 2019,1233,1357
May 2, 2019,1252,1248
May 3, 2019,963,1035
May 4, 2019,853,778
May 5, 2019,1238,1293
May 6, 2019,998,1069
May 7, 2019,1106,1098
May 8, 2019,1253,1247
May 9, 2019,1129,1196
May 10, 2019,799,830
May 11, 2019,417,511
May 12, 2019,1298,1267
May 13, 2019,1173,1224
May 14, 2019,1092,1167
May 15, 2019,739,750
May 16, 2019,687,703
May 17, 2019,382,425
May 18, 2019,730,590
May 19, 2019,1174,1168
May 20, 2019,1419,1445
May 21, 2019,1223,1281
May 22, 2019,1326,1307
May 23, 2019,792,850
May 24, 2019,853,821
May 25, 2019,701,715
May 26, 2019,1233,1255
May 27, 2019,1435,1408
May 28, 2019,1092,1128
May 29, 2019,1105,1185
May 30, 2019,1105,1205
May 31, 2019,699,700
June 1, 2019,188,211
June 2, 2019,649,593
June 3, 2019,1058,1010
June 4, 2019,802,814
June 5, 2019,1108,1130
June 6, 2019,1062,1137
June 7, 2019,805,880
June 8, 2019,667,699
June 9, 2019,1177,1193
June 10, 2019,1255,1296
June 11, 2019,1120,1161
June 12, 2019,1227,1309
June 13, 2019,1572,1644
June 14, 2019,938,955
June 15, 2019,862,822
June 16, 2019,1172,1224
June 17, 2019,1341,1344
June 18, 2019,1188,1234
June 19, 2019,669,647
June 20, 2019,867,842
June 21, 2019,805,847
June 22, 2019,579,491
June 23, 2019,1148,1171
June 24, 2019,1389,1466
June 25, 2019,1193,1257
June 26, 2019,1192,1149
June 27, 2019,1094,1241
June 28, 2019,975,1006
June 29, 2019,748,806
June 30, 2019,1232,1198
July 1, 2019,1311,1319
July 2, 2019,1249,1371
July 3, 2019,208,213
July 4, 2019,394,416
July 5, 2019,580,681
July 6, 2019,352,381
July 7, 2019,758,802
July 8, 2019,648,659
July 9, 2019,892,973
July 10, 2019,1094,1215
July 11, 2019,1044,1082
July 12, 2019,871,904
July 13, 2019,808,802
July 14, 2019,1062,1069
July 15, 2019,770,885
July 16, 2019,882,921
July 17, 2019,974,1046
July 18, 2019,887,967
July 19, 2019,801,835
July 20, 2019,674,687
July 21, 2019,1081,1148
July 22, 2019,1229,1348
July 23, 2019,1145,1215
July 24, 2019,1165,1242
July 25, 2019,1122,1158
July 26, 2019,846,883
July 27, 2019,710,711
July 28, 2019,1105,1164
July 29, 2019,1123,1166
July 30, 2019,1169,1330
July 31, 2019,1252,1381
August 1, 2019,913,1001
August 2, 2019,449,474
August 3, 2019,283,315
August 4, 2019,913,909
August 5, 2019,1105,1235
August 6, 2019,1155,1248
August 7, 2019,1270,1430
August 8, 2019,1151,1191
August 9, 2019,938,975
August 10, 2019,599,695
August 11, 2019,1254,1274
August 12, 2019,1035,1112
August 13, 2019,757,809
August 14, 2019,1075,1202
August 15, 2019,1009,1123
August 16, 2019,965,1020
August 17, 2019,766,852
August 18, 2019,638,663
August 19, 2019,852,876
August 20, 2019,1011,1079
August 21, 2019,984,1076
August 22, 2019,860,995
August 23, 2019,666,698
August 24, 2019,619,589
August 25, 2019,1080,1151
August 26, 2019,1217,1290
August 27, 2019,1128,1174
August 28, 2019,1273,1424
August 29, 2019,1190,1235
August 30, 2019,917,960
August 31, 2019,891,896
September 1, 2019,595,650
September 2, 2019,730,828
September 3, 2019,824,805
September 4, 2019,587,619
September 5, 2019,689,777
September 6, 2019,818,934
September 7, 2019,2019,2105
September 8, 2019,1207,1275
September 9, 2019,1381,1488
September 10, 2019,1329,1430
September 11, 2019,1251,1312
September 12, 2019,949,1077
September 13, 2019,807,924
September 14, 2019,1944,1955
September 15, 2019,1215,1280
September 16, 2019,1450,1515
September 17, 2019,1306,1298
September 18, 2019,1168,1250
September 19, 2019,888,963
September 20, 2019,727,760
September 21, 2019,935,925
September 22, 2019,799,835
September 23, 2019,1077,1151
September 24, 2019,700,764
September 25, 2019,896,903
September 26, 2019,930,1034
September 27, 2019,734,761
September 28, 2019,1875,1946
September 29, 2019,1204,1265
September 30, 2019,1436,1510
October 1, 2019,1299,1391
October 2, 2019,1338,1361
October 3, 2019,1167,1230
October 4, 2019,845,874
October 5, 2019,1727,1780
October 6, 2019,842,848
October 7, 2019,679,762
October 8, 2019,890,964
October 9, 2019,1106,1191
October 10, 2019,1120,1235
October 11, 2019,925,1057
October 12, 2019,1814,1803
October 13, 2019,1124,1192
October 14, 2019,1148,1287
October 15, 2019,1069,1116
October 16, 2019,1241,1366
October 17, 2019,947,970
October 18, 2019,856,892
October 19, 2019,1361,1412
October 20, 2019,918,995
October 21, 2019,1339,1409
October 22, 2019,1247,1344
October 23, 2019,1301,1471
October 24, 2019,1187,1240
October 25, 2019,838,904
October 26, 2019,1877,1883
October 27, 2019,1043,1196
October 28, 2019,1432,1462
October 29, 2019,1239,1328
October 30, 2019,1319,1369
October 31, 2019,1136,1195
November 1, 2019,941,1022
November 2, 2019,1692,1877
November 3, 2019,1200,1221
November 4, 2019,788,900
November 5, 2019,842,861
November 6, 2019,996,1012
November 7, 2019,836,910
November 8, 2019,865,903
November 9, 2019,1379,1468
November 10, 2019,953,958
November 11, 2019,1237,1291
November 12, 2019,1170,1261
November 13, 2019,641,699
November 14, 2019,410,452
November 15, 2019,968,999
November 16, 2019,1843,1868
November 17, 2019,1094,1099
November 18, 2019,1243,1311
November 19, 2019,1479,1629
November 20, 2019,1199,1355
November 21, 2019,1060,1146
November 22, 2019,664,753
November 23, 2019,1210,1308
November 24, 2019,1063,1136
November 25, 2019,1311,1448
November 26, 2019,861,952
November 27, 2019,459,518
November 28, 2019,1007,1041
November 29, 2019,798,849
November 30, 2019,1687,1635
December 1, 2019,779,873
December 2, 2019,1111,1247
December 3, 2019,1108,1151
December 4, 2019,866,959
December 5, 2019,823,921
December 6, 2019,902,1036
December 7, 2019,1645,1765
December 8, 2019,899,970
December 9, 2019,729,835
December 10, 2019,678,752
December 11, 2019,1012,1078
December 12, 2019,982,1040
December 13, 2019,684,745
December 14, 2019,1666,1782
December 15, 2019,1088,1161
December 16, 2019,967,1005
December 17, 2019,557,581
December 18, 2019,959,1061
December 19, 2019,877,979
December 20, 2019,765,878
December 21, 2019,1390,1476
December 22, 2019,494,538
December 23, 2019,695,758
December 24, 2019,632,694
December 25, 2019,786,940
December 26, 2019,822,876
December 27, 2019,786,878
December 28, 2019,1431,1501
December 29, 2019,737,758
December 30, 2019,513,629
December 31, 2019,431,502
January 1, 2020,402,426
January 2, 2020,571,616
January 3, 2020,635,740
January 4, 2020,1193,1294
January 5, 2020,1072,1111
January 6, 2020,1102,1186
January 7, 2020,808,851
January 8, 2020,948,1000
January 9, 2020,1061,1127
January 10, 2020,831,983
January 11, 2020,1512,1577
January 12, 2020,924,997
January 13, 2020,1239,1362
January 14, 2020,1285,1370
January 15, 2020,941,1064
January 16, 2020,751,741
January 17, 2020,881,958
January 18, 2020,1668,1889
January 19, 2020,1070,1156
January 20, 2020,1395,1500
January 21, 2020,1110,1188
January 22, 2020,771,866
January 23, 2020,587,624
January 24, 2020,958,1037
January 25, 2020,1787,1857
January 26, 2020,1271,1343
January 27, 2020,1057,1148
January 28, 2020,1318,1359
January 29, 2020,939,1094
January 30, 2020,1124,1189
January 31, 2020,583,675
February 1, 2020,1190,1274
February 2, 2020,393,451
February 3, 2020,1008,1099
February 4, 2020,957,1008
February 5, 2020,1024,1167
February 6, 2020,1024,1138
February 7, 2020,924,997
February 8, 2020,1655,1755
February 9, 2020,281,281
February 10, 2020,760,798
February 11, 2020,855,926
February 12, 2020,1015,1063
February 13, 2020,1130,1228
February 14, 2020,888,1034
February 15, 2020,1397,1681
February 16, 2020,1173,1190
February 17, 2020,1107,1215
February 18, 2020,1016,1063
February 19, 2020,1065,1109
February 20, 2020,838,842
February 21, 2020,590,650
February 22, 2020,1164,1232
February 23, 2020,624,678
February 24, 2020,976,1011
February 25, 2020,404,430
February 26, 2020,681,689
February 27, 2020,746,796
February 28, 2020,676,756
February 29, 2020,1024,1155
March 1, 2020,692,758
March 2, 2020,814,864
March 3, 2020,1238,1264
March 4, 2020,1308,1354
March 5, 2020,1224,1283
March 6, 2020,982,1059
March 7, 2020,1455,1607
March 8, 2020,1298,1352
March 9, 2020,1570,1745
March 10, 2020,1515,1632
March 11, 2020,1606,1638
March 12, 2020,1360,1536
March 13, 2020,1163,1292
March 14, 2020,1793,1921
March 15, 2020,1222,1366
March 16, 2020,1243,1341
March 17, 2020,1279,1447
March 18, 2020,1035,1180
March 19, 2020,948,1021
March 20, 2020,665,844
March 21, 2020,1066,1206
March 22, 2020,805,864
March 23, 2020,814,866
March 24, 2020,836,966
March 25, 2020,975,1024
March 26, 2020,997,1089
March 27, 2020,1137,1270
March 28, 2020,1097,1257
March 29, 2020,861,945
March 30, 2020,1049,1184
March 31, 2020,1121,1237
April 1, 2020,1114,1271
April 2, 2020,961,1051
April 3, 2020,1356,1552
April 4, 2020,1796,2057
April 5, 2020,1008,1152
April 6, 2020,783,863
April 7, 2020,862,946
April 8, 2020,1129,1189
April 9, 2020,1314,1492
April 10, 2020,1168,1354
April 11, 2020,1277,1530
April 12, 2020,920,1080
April 13, 2020,1030,1116
April 14, 2020,1118,1269
April 15, 2020,1103,1219
April 16, 2020,961,1072
April 17, 2020,1172,1412
April 18, 2020,1762,2023
April 19, 2020,1045,1127
April 20, 2020,1755,2083
April 21, 2020,1014,1166
April 22, 2020,1187,1302
April 23, 2020,1147,1229
April 24, 2020,1474,1739
April 25, 2020,2063,2378
April 26, 2020,1079,1130
April 27, 2020,1248,1377
April 28, 2020,1300,1399
April 29, 2020,1132,1287
April 30, 2020,1583,1885
May 1, 2020,1107,1193
May 2, 2020,1821,2066
May 3, 2020,906,989
May 4, 2020,1158,1332
May 5, 2020,777,860
May 6, 2020,555,646
May 7, 2020,818,935
May 8, 2020,1290,1538
May 9, 2020,1433,1576
May 10, 2020,1097,1217
May 11, 2020,1311,1478
May 12, 2020,1163,1323
May 13, 2020,689,829
May 14, 2020,889,965
May 15, 2020,1553,1768
May 16, 2020,2075,2396
May 17, 2020,947,1098
May 18, 2020,1204,1309
May 19, 2020,1423,1545
May 20, 2020,1439,1676
May 21, 2020,1124,1280
May 22, 2020,864,1015
May 23, 2020,1367,1585
May 24, 2020,1039,1216
May 25, 2020,1045,1163
May 26, 2020,1013,1250
May 27, 2020,1042,1223
May 28, 2020,1081,1238
May 29, 2020,1547,1785
May 30, 2020,2137,2425
May 31, 2020,1112,1229
June 1, 2020,650,755
June 2, 2020,994,1193
June 3, 2020,906,991
June 4, 2020,1030,1163
June 5, 2020,1318,1597
June 6, 2020,2076,2507
June 7, 2020,1188,1376
June 8, 2020,1298,1477
June 9, 2020,1302,1579
June 10, 2020,1713,2033
June 11, 2020,1102,1340
June 12, 2020,1860,2050
June 13, 2020,1035,1144
June 14, 2020,1061,1190
June 15, 2020,1427,1554
June 16, 2020,1444,1618
June 17, 2020,1474,1691
June 18, 2020,1417,1597
June 19, 2020,1872,2215
June 20, 2020,2697,3202
June 21, 2020,1296,1494
June 22, 2020,1710,1965
June 23, 2020,1599,1902
June 24, 2020,1714,1933
June 25, 2020,862,916
June 26, 2020,560,524
June 27, 2020,1572,1710
June 28, 2020,1080,1197
June 29, 2020,1521,1667
June 30, 2020,1047,1277
July 1, 2020,1512,1851
July 2, 2020,1150,1402
July 3, 2020,1822,2035
July 4, 2020,2713,3195
July 5, 2020,1207,1361
July 6, 2020,1720,2015
July 7, 2020,1619,1851
July 8, 2020,1691,1890
July 9, 2020,1435,1715
July 10, 2020,2052,2085
July 11, 2020,3053,3439
July 12, 2020,1392,1632
July 13, 2020,1238,1387
July 14, 2020,1142,1251
July 15, 2020,1457,1795
July 16, 2020,1410,1571
July 17, 2020,1892,2108
July 18, 2020,1254,1615
July 19, 2020,1398,1570
July 20, 2020,1856,2182
July 21, 2020,1592,1792
July 22, 2020,1708,2009
July 23, 2020,1512,1782
July 24, 2020,2063,2108
July 25, 2020,1022,1366
July 26, 2020,1549,1674
July 27, 2020,1922,2127
July 28, 2020,994,1088
July 29, 2020,913,1017
July 30, 2020,1206,1304
July 31, 2020,1695,1887
August 1, 2020,1246,1571
August 2, 2020,1370,1501
August 3, 2020,1772,1964
August 4, 2020,1468,1573
August 5, 2020,1766,1967
August 6, 2020,1432,1575
August 7, 2020,1831,2018
August 8, 2020,1009,1204
August 9, 2020,1497,1660
August 10, 2020,1876,2176
August 11, 2020,1657,1872
August 12, 2020,1587,1760
August 13, 2020,1678,1792
August 14, 2020,1427,1526
August 15, 2020,631,685
August 16, 2020,678,741
August 17, 2020,944,1127
August 18, 2020,1175,1318
August 19, 2020,651,709
August 20, 2020,234,251
August 21, 2020,539,573
August 22, 2020,793,1048
August 23, 2020,1119,1277
August 24, 2020,1416,1644
August 25, 2020,1353,1600
August 26, 2020,1617,1966
August 27, 2020,1331,1571
August 28, 2020,2121,2235
August 29, 2020,1423,1502
August 30, 2020,1172,1387
August 31, 2020,1461,1677
September 1, 2020,1682,1902
September 2, 2020,1733,2097
September 3, 2020,1470,1677
September 4, 2020,2012,2230
September 5, 2020,1293,1588
September 6, 2020,1302,1529
September 7, 2020,1466,1625
September 8, 2020,1571,1795
September 9, 2020,1781,2125
September 10, 2020,1488,1654
September 11, 2020,1964,2231
September 12, 2020,1413,1675
September 13, 2020,1280,1408
September 14, 2020,1434,1641
September 15, 2020,1625,1827
September 16, 2020,1607,1854
September 17, 2020,1425,1575
September 18, 2020,2273,2500
September 19, 2020,735,817
September 20, 2020,613,664
September 21, 2020,535,622
September 22, 2020,1406,1516
September 23, 2020,1693,2001
September 24, 2020,1597,1764
September 25, 2020,2212,2352
September 26, 2020,1419,1695
September 27, 2020,1322,1403
September 28, 2020,1629,1820
September 29, 2020,1629,1832
September 30, 2020,1831,2197
October 1, 2020,1490,1621
October 2, 2020,1810,1983
October 3, 2020,957,1206
October 4, 2020,1494,1684
October 5, 2020,1831,2056
October 6, 2020,1743,1950
October 7, 2020,1066,1306
October 8, 2020,402,461
October 9, 2020,1834,2100
October 10, 2020,1187,1346
October 11, 2020,1250,1463
October 12, 2020,1593,1796
October 13, 2020,1713,1918
October 14, 2020,775,857
October 15, 2020,810,902
October 16, 2020,1619,1661
October 17, 2020,1281,1499
October 18, 2020,848,945
October 19, 2020,1280,1319
October 20, 2020,1553,1691
October 21, 2020,1667,2011
October 22, 2020,1546,1685
October 23, 2020,1751,1827
October 24, 2020,876,1066
October 25, 2020,1537,1696
October 26, 2020,1947,2300
October 27, 2020,1852,2100
October 28, 2020,1156,1311
October 29, 2020,296,292
October 30, 2020,1785,1924
October 31, 2020,1107,1304
November 1, 2020,1307,1476
November 2, 2020,1690,1897
November 3, 2020,1745,1948
November 4, 2020,1188,1301
November 5, 2020,1394,1532
November 6, 2020,1755,1910
November 7, 2020,1246,1412
November 8, 2020,1112,1231
November 9, 2020,1322,1615
November 10, 2020,1734,1944
November 11, 2020,1220,1394
November 12, 2020,1035,1138
November 13, 2020,1766,1867
November 14, 2020,1160,1352
November 15, 2020,1237,1368
November 16, 2020,1591,1818
November 17, 2020,1743,1947
November 18, 2020,1321,1526
November 19, 2020,1084,1194
November 20, 2020,1791,1909
November 21, 2020,1129,1311
November 22, 2020,1318,1456
November 23, 2020,1659,1933
November 24, 2020,1786,2000
November 25, 2020,1243,1404
November 26, 2020,982,1075
November 27, 2020,1802,1928
November 28, 2020,1185,1378
November 29, 2020,1267,1403
November 30, 2020,1584,1842
December 1, 2020,1757,1978
December 2, 2020,1263,1426
December 3, 2020,1135,1245
December 4, 2020,1423,1538
December 5, 2020,713,811
December 6, 2020,918,1092
December 7, 2020,1048,1202
December 8, 2020,1495,1740
December 9, 2020,1638,1818
December 10, 2020,1189,1295
December 11, 2020,1691,1818
December 12, 2020,1033,1099
December 13, 2020,1454,1587
December 14, 2020,1157,1304
December 15, 2020,1488,1744
December 16, 2020,1148,1272
December 17, 2020,1178,1216
December 18, 2020,1643,1757
December 19, 2020,774,907
December 20, 2020,945,1067
December 21, 2020,1047,1193
December 22, 2020,1078,1207
December 23, 2020,1015,1147
December 24, 2020,1150,1246
December 25, 2020,2025,2126
December 26, 2020,744,808
December 27, 2020,945,988
December 28, 2020,1000,1001
December 29, 2020,1378,1432
December 30, 2020,1059,1134
December 31, 2020,993,1111
January 1, 2021,2002,2090
January 2, 2021,1248,1342
January 3, 2021,1257,1402
January 4, 2021,1718,1841
January 5, 2021,1365,1520
January 6, 2021,1460,1652
January 7, 2021,1289,1396
January 8, 2021,1551,1696
January 9, 2021,640,805
January 10, 2021,1386,1423
January 11, 2021,1527,1600
January 12, 2021,1467,1619
January 13, 2021,1482,1666
January 14, 2021,831,937
January 15, 2021,1942,2104
January 16, 2021,1225,1396
January 17, 2021,1269,1310
January 18, 2021,1404,1596
January 19, 2021,1675,1825
January 20, 2021,1633,1802
January 21, 2021,1458,1619
January 22, 2021,2222,2153
January 23, 2021,3695,2290
January 24, 2021,3821,2210
January 25, 2021,2053,1986
January 26, 2021,1497,1632
January 27, 2021,1434,1601
January 28, 2021,1167,1296
January 29, 2021,1964,2051
January 30, 2021,1735,1490
January 31, 2021,1963,1622
February 1, 2021,1706,1790
February 2, 2021,1520,1674
February 3, 2021,1522,1707
February 4, 2021,1200,1329
February 5, 2021,1945,2031
February 6, 2021,1842,1529
February 7, 2021,2136,1667
February 8, 2021,1694,1767
February 9, 2021,1557,1708
February 10, 2021,1539,1720
February 11, 2021,1178,1313
February 12, 2021,2035,2103
February 13, 2021,2139,1704
February 14, 2021,2322,1733
February 15, 2021,1739,1820
February 16, 2021,1579,1731
February 17, 2021,1554,1731
February 18, 2021,1264,1406
February 19, 2021,2064,2113
February 20, 2021,2366,1772
February 21, 2021,2581,1839
February 22, 2021,1814,1864
February 23, 2021,1550,1705
February 24, 2021,1556,1525
February 25, 2021,1131,1547
February 26, 2021,1340,1499
February 27, 2021,1026,1452
February 28, 2021,1287,1533
March 1, 2021,1564,1720
March 2, 2021,1326,1549
March 3, 2021,1297,1516
March 4, 2021,1149,1317
March 5, 2021,923,890
March 6, 2021,628,725
March 7, 2021,1704,1733
March 8, 2021,1847,1828
March 9, 2021,2196,2304
March 10, 2021,1745,1826
March 11, 2021,1815,1855
March 12, 2021,2637,2773
March 13, 2021,1345,1440
March 14, 2021,1735,1761
March 15, 2021,2075,2164
March 16, 2021,1960,2005
March 17, 2021,1121,1185
March 18, 2021,1393,1473
March 19, 2021,2725,2805
March 20, 2021,1507,1633
March 21, 2021,1691,1729
March 22, 2021,2098,2300
March 23, 2021,2157,2289
March 24, 2021,2077,2182
March 25, 2021,2022,2068
March 26, 2021,2638,2600
March 27, 2021,3942,4100
March 28, 2021,1744,1850
March 29, 2021,1682,1708
March 30, 2021,2148,2363
March 31, 2021,2115,2244
April 1, 2021,2838,2938
April 2, 2021,2908,3033
April 3, 2021,3514,3719
April 4, 2021,1799,1899
April 5, 2021,999,1099
April 6, 2021,2036,2166
April 7, 2021,2015,2218
April 8, 2021,2013,2100
April 9, 2021,2685,2691
April 10, 2021,4632,4736
April 11, 2021,1655,1739
April 12, 2021,1621,1767
April 13, 2021,1973,2113
April 14, 2021,2131,2138
April 15, 2021,1856,1986
April 16, 2021,2480,2592
April 17, 2021,3637,3805
April 18, 2021,1114,1141
April 19, 2021,1594,1668
April 20, 2021,3343,3386
April 21, 2021,1236,1274
April 22, 2021,1871,2002
April 23, 2021,2368,2474
April 24, 2021,1353,1490
April 25, 2021,1321,1336
April 26, 2021,1625,1776
April 27, 2021,1755,1934
April 28, 2021,1676,1724
April 29, 2021,1489,1614
April 30, 2021,1081,1119
May 1, 2021,1318,1484
May 2, 2021,1420,1496
May 3, 2021,1979,1986
May 4, 2021,1725,1814
May 5, 2021,1791,1960
May 6, 2021,1032,1110
May 7, 2021,1743,1746
May 8, 2021,840,895
May 9, 2021,1449,1472
May 10, 2021,1863,1997
May 11, 2021,916,983
May 12, 2021,1332,1335
May 13, 2021,1296,1393
May 14, 2021,1653,1799
May 15, 2021,970,1158
May 16, 2021,1386,1492
May 17, 2021,1591,1737
May 18, 2021,1806,1897
May 19, 2021,1736,1798
May 20, 2021,1497,1644
May 21, 2021,972,1006
May 22, 2021,741,961
May 23, 2021,1408,1453
May 24, 2021,1684,1783
May 25, 2021,1552,1649
May 26, 2021,1661,1806
May 27, 2021,1616,1691
May 28, 2021,1846,2163
May 29, 2021,533,669
May 30, 2021,909,913
May 31, 2021,1680,1719
June 1, 2021,1582,1764
June 2, 2021,2286,2406
June 3, 2021,1446,1632
June 4, 2021,1913,2038
June 5, 2021,1007,1164
June 6, 2021,833,921
June 7, 2021,835,900
June 8, 2021,1473,1643
June 9, 2021,933,1028
June 10, 2021,991,1105
June 11, 2021,1666,1708
June 12, 2021,941,1067
June 13, 2021,1229,1286
June 14, 2021,1534,1644
June 15, 2021,1339,1404
June 16, 2021,1242,1310
June 17, 2021,1211,1326
June 18, 2021,1304,1396
June 19, 2021,970,1077
June 20, 2021,907,935
June 21, 2021,1013,991
June 22, 2021,1258,1330
June 23, 2021,1596,1629
June 24, 2021,1309,1451
June 25, 2021,1904,2043
June 26, 2021,1102,1170
June 27, 2021,1163,1256
June 28, 2021,905,990
June 29, 2021,1027,1113
June 30, 2021,1031,1109
July 1, 2021,1112,1196
July 2, 2021,1650,1675
July 3, 2021,832,907
July 4, 2021,1072,1130
July 5, 2021,1274,1319
July 6, 2021,1223,1278
July 7, 2021,1262,1366
July 8, 2021,929,992
July 9, 2021,1487,1564
July 10, 2021,962,1004
July 11, 2021,1183,1268
July 12, 2021,1601,1682
July 13, 2021,1479,1584
July 14, 2021,1636,1744
July 15, 2021,1141,1205
July 16, 2021,1178,1218
July 17, 2021,1035,1197
July 18, 2021,1040,1110
July 19, 2021,1188,1213
July 20, 2021,1206,1211
July 21, 2021,1260,1345
July 22, 2021,1188,1275
July 23, 2021,1519,1613
July 24, 2021,1041,1166
July 25, 2021,1344,1314
July 26, 2021,1482,1589
July 27, 2021,323,360
July 28, 2021,1076,1212
July 29, 2021,781,812
July 30, 2021,1044,1134
July 31, 2021,693,727
August 1, 2021,985,1025
August 2, 2021,977,1046
August 3, 2021,1061,1101
August 4, 2021,1163,1273
August 5, 2021,1087,1148
August 6, 2021,1445,1567
August 7, 2021,839,950
August 8, 2021,1386,1391
August 9, 2021,1584,1666
August 10, 2021,1181,1200
August 11, 2021,983,1102
August 12, 2021,707,764
August 13, 2021,1224,1266
August 14, 2021,1012,1067
August 15, 2021,907,974
August 16, 2021,1564,1667
August 17, 2021,1619,1608
August 18, 2021,1662,1788
August 19, 2021,1442,1556
August 20, 2021,1708,1688
August 21, 2021,1101,1235
August 22, 2021,1391,1394
August 23, 2021,1797,1844
August 24, 2021,1662,1698
August 25, 2021,1621,1716
August 26, 2021,893,974
August 27, 2021,384,427
August 28, 2021,538,638
August 29, 2021,1057,1083
August 30, 2021,1526,1659
August 31, 2021,1518,1601
September 1, 2021,1504,1724
September 2, 2021,1299,1469
September 3, 2021,1603,1656
September 4, 2021,888,1113
September 5, 2021,1255,1357
September 6, 2021,832,822
September 7, 2021,1431,1500
September 8, 2021,1052,1169
September 9, 2021,963,1046
September 10, 2021,1576,1711
September 11, 2021,1009,1093
September 12, 2021,1463,1511
September 13, 2021,1533,1638
September 14, 2021,978,1093
September 15, 2021,980,968
September 16, 2021,1085,1191
September 17, 2021,1662,1720
September 18, 2021,974,1212
September 19, 2021,1476,1475
September 20, 2021,1165,1242
September 21, 2021,1014,1029
September 22, 2021,1325,1431
September 23, 2021,1263,1484
September 24, 2021,1005,1035
September 25, 2021,861,1041
September 26, 2021,1397,1463
September 27, 2021,1648,1744
September 28, 2021,1358,1403
September 29, 2021,1380,1540
September 30, 2021,854,935
October 1, 2021,1297,1461
October 2, 2021,415,638
October 3, 2021,786,843
October 4, 2021,1115,1144
October 5, 2021,1630,1817
October 6, 2021,1007,1115
October 7, 2021,1156,1226
October 8, 2021,569,627
October 9, 2021,254,304
October 10, 2021,626,687
October 11, 2021,676,777
October 12, 2021,1173,1275
October 13, 2021,1102,1184
October 14, 2021,948,986
October 15, 2021,1196,1302
October 16, 2021,481,524
October 17, 2021,449,455
October 18, 2021,615,663
October 19, 2021,953,960
October 20, 2021,1255,1339
October 21, 2021,1188,1355
October 22, 2021,1772,1878
October 23, 2021,294,320
October 24, 2021,1115,1215
October 25, 2021,1204,1303
October 26, 2021,866,962
October 27, 2021,967,1038
October 28, 2021,1066,1170
October 29, 2021,1389,1450
October 30, 2021,362,473
October 31, 2021,862,899
November 1, 2021,930,963
November 2, 2021,1177,1326
November 3, 2021,1543,1594
November 4, 2021,1279,1387
November 5, 2021,1577,1679
November 6, 2021,983,1066
November 7, 2021,1129,1287
November 8, 2021,1254,1288
November 9, 2021,1251,1295
November 10, 2021,697,734
November 11, 2021,938,1030
November 12, 2021,1391,1371
November 13, 2021,802,862
November 14, 2021,910,1006
November 15, 2021,1415,1462
November 16, 2021,1499,1587
November 17, 2021,585,703
November 18, 2021,532,609
November 19, 2021,940,996
November 20, 2021,682,803
November 21, 2021,1389,1389
November 22, 2021,1582,1654
November 23, 2021,1355,1459
November 24, 2021,1424,1551
November 25, 2021,796,968
November 26, 2021,1389,1450
November 27, 2021,902,1033
November 28, 2021,1260,1302
November 29, 2021,852,928
November 30, 2021,1372,1440
December 1, 2021,1161,1276
December 2, 2021,1096,1219
December 3, 2021,1254,1291
December 4, 2021,907,979
December 5, 2021,1023,1091
December 6, 2021,586,602
December 7, 2021,1060,1168
December 8, 2021,1283,1378
December 9, 2021,1204,1303
December 10, 2021,1326,1334
December 11, 2021,676,773
December 12, 2021,689,810
December 13, 2021,962,982
December 14, 2021,617,686
December 15, 2021,929,1000
December 16, 2021,686,762
December 17, 2021,1020,1112
December 18, 2021,510,561
December 19, 2021,1024,1157
December 20, 2021,1203,1377
December 21, 2021,963,995
December 22, 2021,889,961
December 23, 2021,630,643
December 24, 2021,919,949
December 25, 2021,747,797
December 26, 2021,741,821
December 27, 2021,867,966
December 28, 2021,900,977
December 29, 2021,564,620
December 30, 2021,338,332
December 31, 2021,995,1042
January 1, 2022,1436,1272
January 2, 2022,932,864
January 3, 2022,1056,976
January 4, 2022,1044,980
January 5, 2022,952,812
January 6, 2022,524,556
January 7, 2022,816,776
January 8, 2022,400,372
January 9, 2022,934,864
January 10, 2022,813,695
January 11, 2022,782,834
January 12, 2022,936,961
January 13, 2022,997,987
January 14, 2022,1279,1253
January 15, 2022,547,647
January 16, 2022,1207,1158
January 17, 2022,1042,1085
January 18, 2022,1126,1129
January 19, 2022,893,902
January 20, 2022,1167,1198
January 21, 2022,1354,1367
January 22, 2022,740,860
January 23, 2022,1077,1112
January 24, 2022,1792,1880
January 25, 2022,963,1069
January 26, 2022,1208,1251
January 27, 2022,484,500
January 28, 2022,449,451
January 29, 2022,339,407
January 30, 2022,426,460
January 31, 2022,843,894
February 1, 2022,831,879
February 2, 2022,1111,1175
February 3, 2022,1114,1231
February 4, 2022,1482,1555
February 5, 2022,797,886
February 6, 2022,599,649
February 7, 2022,1280,1308
February 8, 2022,1406,1365
February 9, 2022,1312,1464
February 10, 2022,1320,1372
February 11, 2022,1303,1324
February 12, 2022,1048,1079
February 13, 2022,1210,1291
February 14, 2022,1331,1471
February 15, 2022,1376,1468
February 16, 2022,976,1026
February 17, 2022,1078,1218
February 18, 2022,1412,1314
February 19, 2022,911,952
February 20, 2022,1142,1132
February 21, 2022,1445,1451
February 22, 2022,1277,1306
February 23, 2022,1271,1326
February 24, 2022,1215,1261
February 25, 2022,1183,1152
February 26, 2022,780,732
February 27, 2022,1212,1228
February 28, 2022,1381,1445
March 1, 2022,1236,1252
March 2, 2022,1272,1160
March 3, 2022,1188,1092
March 4, 2022,1164,1223
March 5, 2022,620,663
March 6, 2022,1115,1110
March 7, 2022,1366,1396
March 8, 2022,1365,1400
March 9, 2022,1171,1184
March 10, 2022,943,958
March 11, 2022,951,936
March 12, 2022,581,651
March 13, 2022,714,718
March 14, 2022,793,841
March 15, 2022,883,906
March 16, 2022,1408,1465
March 17, 2022,1154,1204
March 18, 2022,1176,1198
March 19, 2022,281,394
March 20, 2022,1036,1060
March 21, 2022,1439,1537
March 22, 2022,1393,1513
March 23, 2022,1537,1654
March 24, 2022,1306,1393
March 25, 2022,1262,1351
March 26, 2022,488,571
March 27, 2022,1131,1237
March 28, 2022,1437,1558
March 29, 2022,1461,1522
March 30, 2022,815,874
March 31, 2022,560,607
April 1, 2022,821,865
April 2, 2022,802,832
April 3, 2022,1245,1292
April 4, 2022,1243,1264
April 5, 2022,1404,1569
April 6, 2022,1323,1497
April 7, 2022,1076,1167
April 8, 2022,1318,1353
April 9, 2022,799,943
April 10, 2022,1225,1274
April 11, 2022,1399,1480
April 12, 2022,1029,1181
April 13, 2022,947,1047
April 14, 2022,577,658
